id;profile_id;event_type;description;screen_name;event_timestamp;language_id;autonym_script;extra;source_file;ingested_at
9c638866-772c-4c47-9927-0840efbe79db;BWT-WIF-ABW-LAY-U1;suspended;App went to background;LanguageListScreen;1789798708094;null;null;"{""device_model"": ""RMX3842"", ""language_version"": ""null""}";BWT-WIF-ABW-LAY-U1_d1dc251d-7fe3-4718-8bd2-27ac1df769c4;2026-09-19 06:20:31.273672+00
6cc4beda-3592-4ad4-b6f8-98fb27a0603b;BWT-WIF-ABW-LAY-U1;suspended;App went to background;HomeScreen;1789798817772;d6e10239c4eb4b90b3cbb9ae1986907d;Ethiopia - English;"{""language_version"": ""1""}";BWT-WIF-ABW-LAY-U1_92c52324-e675-45dd-a390-6031d1943733;2026-09-19 06:20:31.353118+00
"01027625-397c-4ad7-8b99-059241989e4b";BWT-WIF-ABW-LAY-U1;suspended;App went to background;HomeScreen;1789813443437;d6e10239c4eb4b90b3cbb9ae1986907d;Ethiopia - English;"{""device_model"": ""RMX3842"", ""language_version"": ""1""}";BWT-WIF-ABW-LAY-U1_8540e818-a292-4efa-b1be-86d4f2cf64c4;2026-09-19 12:00:04.548757+00
12ab9329-0fd4-410c-8173-b502f1d7e5eb;BWT-YQA-NMG-OIO-U1;suspended;App went to background;Splash;1789923637160;null;null;"{""device_model"": ""Android SDK built for x86"", ""language_version"": ""null""}";BWT-YQA-NMG-OIO-U1_6161a166-80bb-4aa5-ae97-306bc669d667;2026-09-21 00:00:07.647228+00
147647bf-1eb9-4be4-809f-d7719671700c;BWT-YQA-NMG-OIO-U1;suspended;App went to background;LeaderScreen;1789924508003;289c0715e027451abc8edfdb361119bf;English;"{""device_model"": ""Android SDK built for x86"", ""language_version"": ""1""}";BWT-YQA-NMG-OIO-U1_f2afee9c-c09a-4b3c-9a83-a8fc8ded1610;2026-09-21 00:00:07.702626+00
dfdfaeac-1e40-4a3e-b67d-fdff6c772c61;BWT-YQA-NMG-OIO-U1;suspended;App went to background;HomeScreen;1789925467098;289c0715e027451abc8edfdb361119bf;English;"{""device_model"": ""Android SDK built for x86"", ""language_version"": ""1""}";BWT-YQA-NMG-OIO-U1_376e5080-259b-4559-83a1-77cc56b41ba4;2026-09-21 12:00:08.582927+00
931890ef-82f2-454a-9b16-93b07ba85e29;BWT-ZQP-UGZ-EDR-U1;suspended;App went to background;LanguageListScreen;1789979264329;289c0715e027451abc8edfdb361119bf;English;"{""device_model"": ""Pixel 7"", ""language_version"": ""null""}";BWT-ZQP-UGZ-EDR-U1_3d76aba7-b872-4238-bf5a-f110465cae90;2026-09-21 12:00:08.835689+00
e3407d8f-16f0-4eed-b688-51a9666e3813;BWT-ZQP-YKS-ITJ-U1;suspended;App went to background;LanguageListScreen;1789979411350;bdd7d335b7ac4e72880ab1c0c83d65e5;Uzbekistan - Russian;"{""language_version"": ""null""}";BWT-ZQP-YKS-ITJ-U1_d723dcb6-cdf3-4418-8400-1397ed072941;2026-09-21 12:00:08.960086+00
d179426f-b227-490f-8103-6389a5bdf36b;BWT-ZQS-GSA-ZLS-U1;suspended;App went to background;LanguageListScreen;1789979410578;310e335f94374ca29a0aa21393840563;India - Gujrati;"{""language_version"": ""null""}";BWT-ZQS-GSA-ZLS-U1_324d7cf7-23c4-4c00-9e93-2dd916bbea90;2026-09-21 12:00:09.0067+00
37fbc833-da20-4d50-b154-fb4c52d3ebdb;BWT-ZQS-GSA-ZLS-U1;suspended;App went to background;LanguageListScreen;1789979461514;dbfe8365037d40de961aaeabf7ede35e;Spanish;"{""language_version"": ""null""}";BWT-ZQS-GSA-ZLS-U1_27c36573-143e-4014-8a8b-6bddd95e735f;2026-09-21 12:00:09.115374+00
e043d078-ed70-414b-8450-5c6dda9f19e3;BWT-ZQP-UCW-SRJ-U1;suspended;App went to background;UserProfileScreen;1789979472916;7b5c6d2548de4ec7a84335c592c2d05b;Bangladesh - Bangla;"{""language_version"": ""1""}";BWT-ZQP-UCW-SRJ-U1_69e74c2a-6509-4022-9630-4be607976d14;2026-09-21 12:00:09.185419+00
ec21f808-6eaa-4e15-a449-1da7332afa33;BWT-ZQP-VEP-RZQ-U1;suspended;App went to background;CategoryListScreen;1789979491299;47d3527babd24e5594eec3fa42b681e0;Ethiopia - Afaan Oromo;"{""language_version"": ""1""}";BWT-ZQP-VEP-RZQ-U1_e0f9c67b-4b1a-4c5c-9140-ab9bbd635d0c;2026-09-21 12:00:09.232458+00
"0ff8a810-b988-44f6-b01a-36d232e34a1e";BWT-ZQP-YKS-ITJ-U1;suspended;App went to background;CategoryListScreen;1789979505096;bd7c3bea339c467f880a8bca6d2ef2c1;Portuguese;"{""language_version"": ""1""}";BWT-ZQP-YKS-ITJ-U1_4086330b-4e31-4955-8360-ec3ec0567e9a;2026-09-21 12:00:09.275688+00
697923c3-8384-4007-bd38-be436be109fa;BWT-ZQS-GSA-ZLS-U1;suspended;App went to background;LanguageListScreen;1789979488286;dbfe8365037d40de961aaeabf7ede35e;Spanish;"{""language_version"": ""null""}";BWT-ZQS-GSA-ZLS-U1_e5b1cd8b-3de3-4cd5-bf69-36ee01665cb6;2026-09-21 12:00:09.315295+00
8002044e-3ba9-47e9-a46d-d2f7042e0b23;BWT-ZQT-AJV-QMH-U1;suspended;App went to background;LanguageListScreen;1789979517794;f3195a61b68d4fdb84ae729e8d0aaccc;French;"{""language_version"": ""null""}";BWT-ZQT-AJV-QMH-U1_443fe675-eeab-4f47-a059-2cbcf6aa441d;2026-09-21 12:00:09.34762+00
b4152ebb-b59f-4bb5-92d1-a774cfb23b14;BWT-ZQS-GSA-ZLS-U1;suspended;App went to background;LanguageListScreen;1789979546434;dbfe8365037d40de961aaeabf7ede35e;Spanish;"{""language_version"": ""null""}";BWT-ZQS-GSA-ZLS-U1_23c81e49-1c9b-47e1-b704-ee689adfa8d1;2026-09-21 12:00:09.489857+00
219420cc-14ef-44f8-90cb-318508007e80;BWT-ZQT-MRS-CUC-U1;suspended;App went to background;Splash;1789979584679;d2c99bcb8ce7481bb80583b091c6e715;Arabic;"{""device_model"": ""moto g(20)"", ""language_version"": ""1""}";BWT-ZQT-MRS-CUC-U1_39193f5b-3ee0-4db7-8df8-5749434fc9ca;2026-09-21 12:00:09.710443+00
1681e365-4b3f-43b3-9d6c-3d853bc94d61;BWT-ZQU-ONS-IXD-U1;suspended;App went to background;Splash;1789979596024;d2c99bcb8ce7481bb80583b091c6e715;Arabic;"{""device_model"": ""sdk_gphone16k_arm64"", ""language_version"": ""1""}";BWT-ZQU-ONS-IXD-U1_c4843c6c-ee05-4b6d-ba4e-1927b8d4c56e;2026-09-21 12:00:09.747345+00
5a2ab60c-9b8c-44e2-8a13-76c7ee85b6f9;BWT-ZQU-NAR-GIA-U1;suspended;App went to background;LanguageListScreen;1789979645853;f3195a61b68d4fdb84ae729e8d0aaccc;French;"{""language_version"": ""null""}";BWT-ZQU-NAR-GIA-U1_4cfe1258-20f8-4eda-b254-ffc0973565ea;2026-09-21 12:00:09.779931+00
387c7830-ed19-4394-8137-cc7e4edee248;BWT-ZQS-BFD-BKX-U1;suspended;App went to background;Onboarding;1789979629835;d2c99bcb8ce7481bb80583b091c6e715;Arabic;"{""device_model"": ""OnePlus8Pro"", ""language_version"": ""1""}";BWT-ZQS-BFD-BKX-U1_72c19d85-4352-47be-bcce-e9387c8f28e4;2026-09-21 12:00:09.815833+00
fab20cb5-600f-436b-bb56-0d5b72904d77;BWT-ZRK-XWO-ZWB-U1;suspended;App went to background;LanguageListScreen;1789981064394;47d3527babd24e5594eec3fa42b681e0;Ethiopia - Afaan Oromo;"{""language_version"": ""null""}";BWT-ZRK-XWO-ZWB-U1_c33e1a80-6e90-4989-b5f2-db6d9334728a;2026-09-21 12:00:10.005897+00
6635a878-6f85-491e-8cd0-58429e6af01f;BWT-ZRK-XWO-ZWB-U1;suspended;App went to background;SettingsDisclaimer;1789981456273;d2c99bcb8ce7481bb80583b091c6e715;Arabic;"{""device_model"": ""OnePlus8Pro"", ""language_version"": ""1""}";BWT-ZRK-XWO-ZWB-U1_4835b973-bcf1-4935-b530-a95960e119de;2026-09-21 12:00:10.055111+00
4f2ff187-800a-4c13-ab41-4413bd0269eb;BWT-ZXX-ZYC-YZW-U1;suspended;App went to background;LanguageListScreen;1789994578445;ce6c5142689e4be5abb4f2aed46a688d;Afghanistan;"{""device_model"": ""Redfin 64-bit only"", ""language_version"": ""null""}";BWT-ZXX-ZYC-YZW-U1_f8ecb223-5dd0-48b4-ad73-41f7ec851550;2026-09-22 00:00:12.259021+00
d332c735-9b10-4b84-87d5-3463d99d1716;BWU-CNN-JZQ-WIK-U1;suspended;App went to background;LanguageListScreen;1790135589650;null;null;"{""device_model"": ""RMX3842"", ""language_version"": ""null""}";BWU-CNN-JZQ-WIK-U1_8be5c4a4-36ef-4d2d-9499-053871455cee;2026-09-23 05:10:50.661742+00
70164c3f-6526-4db9-849e-19a2c6c8b7c6;BWU-DHU-QUH-LOB-U1;suspended;App went to background;LanguageListScreen;1790177942631;null;null;"{""device_model"": ""SM-A165F"", ""language_version"": ""null""}";BWU-DHU-QUH-LOB-U1_dc106164-07a8-4295-8814-c2b7a970f83a;2026-09-24 00:00:10.48135+00
"0387aa85-1ad0-4f45-94e9-22fbf56ceeb3";BWU-DHU-QUH-LOB-U1;suspended;App went to background;Onboarding;1790178037070;289c0715e027451abc8edfdb361119bf;English;"{""language_version"": ""1""}";BWU-DHU-QUH-LOB-U1_453fad6e-be90-43ba-bc15-45fe3b308cfe;2026-09-24 00:00:10.532098+00
52dad454-7d5b-4902-8850-a532765ce215;BWU-DHU-QUH-LOB-U1;suspended;App went to background;OnboardingSurveyScreen;1790216247602;289c0715e027451abc8edfdb361119bf;English;"{""device_model"": ""SM-A165F"", ""language_version"": ""1""}";BWU-DHU-QUH-LOB-U1_3943c8ef-92da-4cd3-a2de-d5740e4b4850;2026-09-24 12:00:06.829646+00
d53968b0-dc1a-4062-8eff-707e177a2b0c;BWU-DHU-QUH-LOB-U1;suspended;App went to background;UserProfileScreen;1790216423067;289c0715e027451abc8edfdb361119bf;English;"{""language_version"": ""1""}";BWU-DHU-QUH-LOB-U1_419dfa72-6082-4ca1-9ae0-f64b3eb83a77;2026-09-24 12:00:06.913267+00
4f68f923-7328-417b-b820-9b3bccf17785;BWU-DHU-QUH-LOB-U1;suspended;App went to background;QuizCompletionScreen;1790217864521;289c0715e027451abc8edfdb361119bf;English;"{""language_version"": ""1""}";BWU-DHU-QUH-LOB-U1_a7a728e0-dd21-4582-a56c-eb937b8b4e1c;2026-09-24 12:00:06.954817+00
e2ad0905-a2bd-4a7c-9fdc-775d849a2c3c;BWU-ENN-GOW-KWO-U1;suspended;App went to background;LanguageListScreen;1790244988690;null;null;"{""device_model"": ""SM-A055F"", ""language_version"": ""null""}";BWU-ENN-GOW-KWO-U1_7aa76ac5-5095-48fb-a3fb-4b1cd00c4ded;2026-09-24 12:00:07.007466+00
1291e0ba-7f1a-46e8-8a29-7679ef11950b;BWU-ENN-GOW-KWO-U1;suspended;App went to background;LanguageListScreen;1790245004626;289c0715e027451abc8edfdb361119bf;English;"{""language_version"": ""null""}";BWU-ENN-GOW-KWO-U1_7e8aee8b-c22b-4af3-92eb-b0fcd934da5d;2026-09-24 12:00:07.050918+00
97110720-b94b-444c-8931-b2532a294174;BWU-ENN-GOW-KWO-U1;suspended;App went to background;LanguageListScreen;1790246283911;289c0715e027451abc8edfdb361119bf;English;"{""device_model"": ""SM-A055F"", ""language_version"": ""null""}";BWU-ENN-GOW-KWO-U1_dbd5bf98-987f-425f-bb0c-ddc3d4ca6a42;2026-09-24 12:00:07.085084+00
ec157a22-58cf-411a-a478-c8d23dca71bb;BWU-ENN-GOW-KWO-U1;suspended;App went to background;OnboardingCompleteScreen;1790248021831;d6e10239c4eb4b90b3cbb9ae1986907d;Ethiopia - English;"{""language_version"": ""1""}";BWU-ENN-GOW-KWO-U1_826ae63e-99b3-4690-95d3-b20c9e4db8a1;2026-09-24 12:00:07.117213+00
5e8fb3fc-521e-4419-8d2d-65b9091e5cc6;BWU-ENN-GOW-KWO-U1;suspended;App went to background;OnboardingCompleteScreen;1790248260744;d6e10239c4eb4b90b3cbb9ae1986907d;Ethiopia - English;"{""language_version"": ""1""}";BWU-ENN-GOW-KWO-U1_b7d0897c-1ce8-4ec6-b8f7-6e3e89dec8e2;2026-09-24 12:00:07.151306+00
bcee688f-a5b5-4b01-822e-98424273e24c;BWU-ENN-GOW-KWO-U1;suspended;App went to background;OnboardingCompleteScreen;1790248380723;d6e10239c4eb4b90b3cbb9ae1986907d;Ethiopia - English;"{""language_version"": ""1""}";BWU-ENN-GOW-KWO-U1_4192c330-0cd8-4c69-975b-927b786d0114;2026-09-24 12:00:07.188489+00
260f9440-0241-42d6-ab27-2e4160576b83;BWU-ENN-GOW-KWO-U1;suspended;App went to background;OnboardingCompleteScreen;1790249017549;d6e10239c4eb4b90b3cbb9ae1986907d;Ethiopia - English;"{""language_version"": ""1""}";BWU-ENN-GOW-KWO-U1_5cd5fbef-3bd1-4513-8b17-3375d17b664d;2026-09-24 12:00:07.221039+00
77f24168-209f-452d-894b-9e4261cc8f5a;BWU-ENN-GOW-KWO-U1;suspended;App went to background;OnboardingCompleteScreen;1790249157318;d6e10239c4eb4b90b3cbb9ae1986907d;Ethiopia - English;"{""language_version"": ""1""}";BWU-ENN-GOW-KWO-U1_57f0b5db-876e-4573-9a6e-156ba806bced;2026-09-24 12:00:07.250496+00
8891da5f-4260-4887-b7be-3552f82fa05b;BWU-ENN-GOW-KWO-U1;suspended;App went to background;OnboardingCompleteScreen;1790249710261;d6e10239c4eb4b90b3cbb9ae1986907d;Ethiopia - English;"{""language_version"": ""1""}";BWU-ENN-GOW-KWO-U1_94cd341c-c905-4d56-8aef-a517fad94d06;2026-09-24 12:00:07.279009+00
93497f55-8169-4a6a-ab01-71cbf8283ce2;BWU-ENN-GOW-KWO-U1;suspended;App went to background;OnboardingCompleteScreen;1790249899809;d6e10239c4eb4b90b3cbb9ae1986907d;Ethiopia - English;"{""language_version"": ""1""}";BWU-ENN-GOW-KWO-U1_94cd341c-c905-4d56-8aef-a517fad94d06;2026-09-24 12:00:07.279012+00
d737a969-f51e-4ce0-87b3-389e042ab9c9;BWU-ENN-GOW-KWO-U1;suspended;App went to background;OnboardingCompleteScreen;1790249915844;d6e10239c4eb4b90b3cbb9ae1986907d;Ethiopia - English;"{""device_model"": ""SM-A055F"", ""language_version"": ""1""}";BWU-ENN-GOW-KWO-U1_adff4787-9834-479c-8f24-6d5b9266a17f;2026-09-24 12:00:07.307528+00
87e5fd66-439d-4990-8a3d-4d15f46f8bec;BWU-ENN-GOW-KWO-U1;suspended;App went to background;OnboardingCompleteScreen;1790249922702;d6e10239c4eb4b90b3cbb9ae1986907d;Ethiopia - English;"{""device_model"": ""SM-A055F"", ""language_version"": ""1""}";BWU-ENN-GOW-KWO-U1_adff4787-9834-479c-8f24-6d5b9266a17f;2026-09-24 12:00:07.307531+00
"00653a58-cfbd-42ca-826b-fe5f2592417a";BWU-ENN-GOW-KWO-U1;suspended;App went to background;HomeScreen;1790250054201;d6e10239c4eb4b90b3cbb9ae1986907d;Ethiopia - English;"{""language_version"": ""1""}";BWU-ENN-GOW-KWO-U1_616f749e-4c0e-46f9-9e51-813f6d6775b9;2026-09-24 12:00:07.337963+00
abdd4e33-4071-4008-8929-58b6a38add17;BWU-ENN-GOW-KWO-U1;suspended;App went to background;UserProfileScreen;1790250298607;d6e10239c4eb4b90b3cbb9ae1986907d;Ethiopia - English;"{""language_version"": ""1""}";BWU-ENN-GOW-KWO-U1_345ae20f-a56d-455a-a845-1f29270c3134;2026-09-25 00:00:31.100704+00
fbd906c5-1bbb-4e6d-bd2e-335f36b0868b;BWU-ENN-GOW-KWO-U1;suspended;App went to background;UserProfileScreen;1790250336525;d6e10239c4eb4b90b3cbb9ae1986907d;Ethiopia - English;"{""language_version"": ""1""}";BWU-ENN-GOW-KWO-U1_345ae20f-a56d-455a-a845-1f29270c3134;2026-09-25 00:00:31.100709+00
b7ffb0a3-44f5-4bb5-8b31-1048c5df32db;BWU-ENN-GOW-KWO-U1;suspended;App went to background;ChapterDetailScreen;1790250450859;d6e10239c4eb4b90b3cbb9ae1986907d;Ethiopia - English;"{""language_version"": ""1""}";BWU-ENN-GOW-KWO-U1_345ae20f-a56d-455a-a845-1f29270c3134;2026-09-25 00:00:31.100711+00
3eb3d648-1704-43e1-b132-60b7509fe1e7;BWU-ENN-GOW-KWO-U1;suspended;App went to background;ChapterDetailScreen;1790250830117;d6e10239c4eb4b90b3cbb9ae1986907d;Ethiopia - English;"{""language_version"": ""1""}";BWU-ENN-GOW-KWO-U1_345ae20f-a56d-455a-a845-1f29270c3134;2026-09-25 00:00:31.100713+00
622f6528-3008-42aa-8c7b-f693b81f1dee;BWU-ENN-GOW-KWO-U1;suspended;App went to background;ChapterDetailScreen;1790251028339;d6e10239c4eb4b90b3cbb9ae1986907d;Ethiopia - English;"{""language_version"": ""1""}";BWU-ENN-GOW-KWO-U1_345ae20f-a56d-455a-a845-1f29270c3134;2026-09-25 00:00:31.100715+00
d55185bc-c333-4045-9651-597193f98fbf;BWU-ENN-GOW-KWO-U1;suspended;App went to background;ModuleDetailScreen;1790251570996;d6e10239c4eb4b90b3cbb9ae1986907d;Ethiopia - English;"{""device_model"": ""SM-A055F"", ""language_version"": ""1""}";BWU-ENN-GOW-KWO-U1_6a880c3d-09b2-4695-af27-719b16a7cd44;2026-09-25 00:00:31.144362+00
c6754d4a-45d3-4271-81b1-0088a592bda3;BWU-ENN-GOW-KWO-U1;suspended;App went to background;ModuleDetailScreen;1790251621971;d6e10239c4eb4b90b3cbb9ae1986907d;Ethiopia - English;"{""device_model"": ""SM-A055F"", ""language_version"": ""1""}";BWU-ENN-GOW-KWO-U1_6a880c3d-09b2-4695-af27-719b16a7cd44;2026-09-25 00:00:31.144365+00
38cdf712-d3a1-4fcf-87f0-56ce88c33e74;BWU-FXC-FUO-TLW-U1;suspended;App went to background;newLandingScreen;1790318897651;8a2ddf1bc349422892f5f4e9be2b92c5;Nepal - English;"{""device_model"": ""M2102J20SI"", ""language_version"": ""1""}";BWU-FXC-FUO-TLW-U1_9d7c99d0-de65-4e76-9371-9aa344885656;2026-09-25 12:00:14.69903+00
2c156248-b7cb-4de2-be9b-fc5b8ab4eee7;BWU-FXC-FUO-TLW-U1;suspended;App went to background;LanguageListScreen;1790319979823;8a2ddf1bc349422892f5f4e9be2b92c5;Nepal - English;"{""language_version"": ""1""}";BWU-FXC-FUO-TLW-U1_e6ce08bc-a80b-4d97-ac30-06c685ec0d6a;2026-09-25 12:00:14.741072+00
9ce053ef-2050-4b1d-bd30-c28f3ad8f9bd;BWU-ENN-GOW-KWO-U1;suspended;App went to background;HomeScreen;1790254095688;d6e10239c4eb4b90b3cbb9ae1986907d;Ethiopia - English;"{""device_model"": ""SM-A055F"", ""language_version"": ""1""}";BWU-ENN-GOW-KWO-U1_dfb2a6a4-f258-4b10-b85a-379ad2185f88;2026-09-26 00:00:09.429115+00
cd7eab44-3539-4005-bb53-8486c4d77014;BWU-ENN-GOW-KWO-U1;suspended;App went to background;HomeScreen;1790345754393;d6e10239c4eb4b90b3cbb9ae1986907d;Ethiopia - English;"{""language_version"": ""1""}";BWU-ENN-GOW-KWO-U1_7d79c752-281f-4a1d-9e90-3fd03a589e24;2026-09-26 00:00:09.487262+00
4eee2f98-9cc0-4c15-95a6-f3c32db52b6f;BWU-HNR-NYQ-CYX-U1;suspended;App went to background;LanguageListScreen;1790407401079;null;null;"{""device_model"": ""TECNO KL6"", ""language_version"": ""null""}";BWU-HNR-NYQ-CYX-U1_67fcc4cd-3bbf-4398-8188-1f635033a6d0;2026-09-26 12:00:21.229493+00
1f2b3f18-e4ee-4799-8e00-2ddee7f9a839;BWU-HNR-NYQ-CYX-U1;suspended;App went to background;UserProfileScreen;1790408569991;289c0715e027451abc8edfdb361119bf;English;"{""language_version"": ""1""}";BWU-HNR-NYQ-CYX-U1_c9c5c6ea-b864-46ec-9ed8-0ededd659f38;2026-09-26 12:00:21.286624+00
ea978761-e438-46d6-9bf4-ed24c23d7d08;BWU-HXU-JPR-XKX-U1;suspended;App went to background;Splash;1790428510013;null;null;"{""device_model"": ""TECNO KL5"", ""language_version"": ""null""}";BWU-HXU-JPR-XKX-U1_00d8503b-5447-4ae3-afeb-d372fe780aa8;2026-09-27 00:00:42.233712+00
e6745734-5609-4005-8e17-a036cc001234;BWU-HXU-JPR-XKX-U1;suspended;App went to background;MigrationLoading;1790428512726;null;null;"{""device_model"": ""TECNO KL5"", ""language_version"": ""null""}";BWU-HXU-JPR-XKX-U1_00d8503b-5447-4ae3-afeb-d372fe780aa8;2026-09-27 00:00:42.233716+00
6e08e504-dd07-4481-82ef-c7f8d0efaecd;BWU-HXU-JPR-XKX-U1;suspended;App went to background;Onboarding;1790428611485;7cf6efab-a9d7-54d2-2cbd-ec82efe4a7da;null;"{""language_version"": ""1""}";BWU-HXU-JPR-XKX-U1_b37f9011-0c1f-4159-9776-a44aa34e79f5;2026-09-27 00:00:42.273697+00
92104b2f-8d32-4e96-8bfc-282c420534fe;BWU-HXU-JPR-XKX-U1;suspended;App went to background;Onboarding;1790428723087;7cf6efab-a9d7-54d2-2cbd-ec82efe4a7da;null;"{""language_version"": ""1""}";BWU-HXU-JPR-XKX-U1_cc45556d-15aa-4a02-8437-9c786998a6ca;2026-09-27 00:00:42.309516+00
7ea17da4-ad48-4050-9f77-e0c3da596ef8;BWU-HXU-JPR-XKX-U1;suspended;App went to background;Onboarding;1790428920536;7cf6efab-a9d7-54d2-2cbd-ec82efe4a7da;null;"{""device_model"": ""TECNO KL5"", ""language_version"": ""1""}";BWU-HXU-JPR-XKX-U1_c2e7de49-6a93-4e8c-9a58-1a61f2183cf6;2026-09-27 12:00:59.582344+00
8854eb2e-ec36-4a4e-a84d-05996e8d79b4;BWU-HXU-JPR-XKX-U1;suspended;App went to background;Splash;1790499333252;7cf6efab-a9d7-54d2-2cbd-ec82efe4a7da;null;"{""device_model"": ""TECNO KL5"", ""language_version"": ""1""}";BWU-HXU-JPR-XKX-U1_c2e7de49-6a93-4e8c-9a58-1a61f2183cf6;2026-09-27 12:00:59.582348+00
6b60f4f0-04fc-44d5-a1db-4de53e6a1c25;BWU-HXU-JPR-XKX-U1;suspended;App went to background;Splash;1790499334944;7cf6efab-a9d7-54d2-2cbd-ec82efe4a7da;null;"{""device_model"": ""TECNO KL5"", ""language_version"": ""1""}";BWU-HXU-JPR-XKX-U1_c2e7de49-6a93-4e8c-9a58-1a61f2183cf6;2026-09-27 12:00:59.58235+00
210dff93-caf9-440f-b6e1-a0b0951e9752;BWU-HXU-JPR-XKX-U1;suspended;App went to background;Onboarding;1790499495277;7cf6efab-a9d7-54d2-2cbd-ec82efe4a7da;null;"{""language_version"": ""1""}";BWU-HXU-JPR-XKX-U1_b89e1e12-7973-42a7-9c70-9e742e7aae39;2026-09-27 12:00:59.705491+00
f2302144-2e9b-4429-a192-901bd2865d4c;BWU-JVE-SKG-GFX-U1;suspended;App went to background;Splash;1790531794661;null;null;"{""device_model"": ""S25 Ultra"", ""language_version"": ""null""}";BWU-JVE-SKG-GFX-U1_808b667e-02ca-49e0-b62f-c03c77c6580a;2026-09-28 00:00:07.216831+00
c236f812-1f31-4b93-a828-c81fb1fd5455;BWU-KRM-UYF-JHN-U1;suspended;App went to background;LanguageListScreen;1790578263457;null;null;"{""device_model"": ""SM-S908E"", ""language_version"": ""null""}";BWU-KRM-UYF-JHN-U1_785d8f1c-1293-434c-9085-235f5f9836e5;2026-09-28 12:00:16.867821+00
431a5604-488e-4db2-bec2-afef1fe38903;BWU-KUP-TCR-APT-U1;suspended;App went to background;OnboardingCompleteScreen;1790590088652;d6e10239c4eb4b90b3cbb9ae1986907d;Ethiopia - English;"{""device_model"": ""M2102J20SI"", ""language_version"": ""1""}";BWU-KUP-TCR-APT-U1_11bda710-2be8-4ca9-a304-ba8e8cc7062d;2026-09-28 12:00:17.345027+00
1c8b67bc-9233-4b01-a24c-42b81198f772;BWU-KZJ-AGK-PSP-U1;suspended;App went to background;LanguageListScreen;1790594662755;null;null;"{""device_model"": ""SM-G991U"", ""language_version"": ""null""}";BWU-KZJ-AGK-PSP-U1_2214f24c-5360-4206-a3da-aef65cf3dc36;2026-09-28 12:00:17.37732+00
75135045-28cc-45ff-ae4a-f6b57791b682;BWU-KZJ-AGK-PSP-U1;suspended;App went to background;LanguageListScreen;1790594679373;289c0715e027451abc8edfdb361119bf;English;"{""device_model"": ""SM-G991U"", ""language_version"": ""null""}";BWU-KZJ-AGK-PSP-U1_64e1c29e-0469-4966-8cca-73f03164abbb;2026-09-28 12:00:17.408471+00
91acd472-a183-479e-9bb5-51452591b580;BWU-KZJ-AGK-PSP-U1;suspended;App went to background;CategoryListScreen;1790594760284;289c0715e027451abc8edfdb361119bf;English;"{""language_version"": ""1""}";BWU-KZJ-AGK-PSP-U1_c5cc21dc-82b4-45fd-b8b1-e8ea1d8ddfb4;2026-09-28 12:00:17.444562+00
4b4f28d7-c262-4009-bd4b-bf8f007d6e7d;BWU-KZK-PBQ-JEV-U1;suspended;App went to background;LanguageListScreen;1790594789637;null;null;"{""device_model"": ""SM-A032F"", ""language_version"": ""null""}";BWU-KZK-PBQ-JEV-U1_a4705560-b3cc-494e-a1eb-288a0ca1586c;2026-09-28 12:00:17.516825+00
ee3e29f0-d4b3-4db4-85f7-34209ece659e;BWU-KZJ-AGK-PSP-U1;suspended;App went to background;OnboardingCompleteScreen;1790595025130;289c0715e027451abc8edfdb361119bf;English;"{""language_version"": ""1""}";BWU-KZJ-AGK-PSP-U1_f34a258c-8d01-41c5-9639-f6513a2de5da;2026-09-28 12:00:17.548893+00
a0ae8d0a-0634-4062-9195-20d5304afe1c;BWU-KZJ-AGK-PSP-U1;suspended;App went to background;OnboardingCompleteScreen;1790595072433;289c0715e027451abc8edfdb361119bf;English;"{""language_version"": ""1""}";BWU-KZJ-AGK-PSP-U1_0bbb08c8-0b86-4191-8a29-a6a4c16662d1;2026-09-28 12:00:17.581794+00
b92ede9d-6680-4777-8aaf-d45c3fe17ebc;BWU-KZJ-AGK-PSP-U1;suspended;App went to background;OnboardingCompleteScreen;1790595111080;289c0715e027451abc8edfdb361119bf;English;"{""language_version"": ""1""}";BWU-KZJ-AGK-PSP-U1_69e2d5ab-4de4-4e72-a1e4-a60865ccac3d;2026-09-28 12:00:17.610743+00
246e62dc-454a-4a0c-b88f-cb55eff51421;BWU-KZJ-AGK-PSP-U1;suspended;App went to background;OnboardingCompleteScreen;1790595204329;289c0715e027451abc8edfdb361119bf;English;"{""language_version"": ""1""}";BWU-KZJ-AGK-PSP-U1_bf588d81-f26a-499c-bb2e-8aca2177e3b2;2026-09-28 12:00:17.638792+00
48e26a2a-ab61-49b6-a1ea-e761635e2090;BWU-KZJ-AGK-PSP-U1;suspended;App went to background;OnboardingCompleteScreen;1790595466184;289c0715e027451abc8edfdb361119bf;English;"{""language_version"": ""1""}";BWU-KZJ-AGK-PSP-U1_ad81aabc-5952-4971-a0be-35cf236ece08;2026-09-28 12:00:17.669125+00
72f0d6f7-89fa-4c95-bc80-0cf360930d4b;BWU-KZJ-AGK-PSP-U1;suspended;App went to background;OnboardingCompleteScreen;1790595492825;289c0715e027451abc8edfdb361119bf;English;"{""language_version"": ""1""}";BWU-KZJ-AGK-PSP-U1_8b831c2b-7259-4717-a0f8-fb3a662d9c45;2026-09-28 12:00:17.699755+00
2a56f9c6-42ad-4fa7-a613-203535f05419;BWU-KZJ-AGK-PSP-U1;suspended;App went to background;OnboardingCompleteScreen;1790595558228;289c0715e027451abc8edfdb361119bf;English;"{""language_version"": ""1""}";BWU-KZJ-AGK-PSP-U1_4fedca41-a817-4ffa-9ceb-84db02255792;2026-09-28 12:00:17.73262+00
d374f624-d108-4160-8aed-d1d553783e36;BWU-KZJ-AGK-PSP-U1;suspended;App went to background;OnboardingCompleteScreen;1790595624969;289c0715e027451abc8edfdb361119bf;English;"{""language_version"": ""1""}";BWU-KZJ-AGK-PSP-U1_3b7e0c12-0c55-43c4-b9ac-bfa460dc5eb1;2026-09-28 12:00:17.760317+00
aaf6e07f-0faf-4a3b-9d35-e8d8dd71bd0a;BWU-KZJ-AGK-PSP-U1;suspended;App went to background;OnboardingCompleteScreen;1790595847134;289c0715e027451abc8edfdb361119bf;English;"{""language_version"": ""1""}";BWU-KZJ-AGK-PSP-U1_bba9fe3c-8946-42c3-a86b-c356f8d92bf7;2026-09-29 00:00:33.100116+00
d0ab9bce-d75c-4374-ba97-6cfc0f5a3957;BWU-KZJ-AGK-PSP-U1;suspended;App went to background;OnboardingCompleteScreen;1790596005442;289c0715e027451abc8edfdb361119bf;English;"{""language_version"": ""1""}";BWU-KZJ-AGK-PSP-U1_bba9fe3c-8946-42c3-a86b-c356f8d92bf7;2026-09-29 00:00:33.100122+00
"0c01695a-5317-44bf-9016-0a6510b23de2";BWU-KZJ-AGK-PSP-U1;suspended;App went to background;OnboardingCompleteScreen;1790596006909;289c0715e027451abc8edfdb361119bf;English;"{""language_version"": ""1""}";BWU-KZJ-AGK-PSP-U1_bba9fe3c-8946-42c3-a86b-c356f8d92bf7;2026-09-29 00:00:33.100124+00
46b04cc4-7a21-4107-9a5b-d3810e86e047;BWU-KZJ-AGK-PSP-U1;suspended;App went to background;OnboardingCompleteScreen;1790596812730;289c0715e027451abc8edfdb361119bf;English;"{""language_version"": ""1""}";BWU-KZJ-AGK-PSP-U1_bba9fe3c-8946-42c3-a86b-c356f8d92bf7;2026-09-29 00:00:33.100126+00
1eb23adc-57d9-4254-98da-c46e432118d6;BWU-KZJ-AGK-PSP-U1;suspended;App went to background;OnboardingCompleteScreen;1790596814061;289c0715e027451abc8edfdb361119bf;English;"{""language_version"": ""1""}";BWU-KZJ-AGK-PSP-U1_bba9fe3c-8946-42c3-a86b-c356f8d92bf7;2026-09-29 00:00:33.100128+00
22ab8b12-90bc-4317-8202-b89e5eb54f18;BWU-KZK-PBQ-JEV-U1;suspended;App went to background;LanguageListScreen;1790594916761;289c0715e027451abc8edfdb361119bf;English;"{""device_model"": ""SM-A032F"", ""language_version"": ""null""}";BWU-KZK-PBQ-JEV-U1_2e324e66-20db-44ec-8999-5b1dafb115d7;2026-09-29 00:00:33.144347+00
8df8d37d-806f-411d-a204-7d09f380cd31;BWU-KZK-PBQ-JEV-U1;suspended;App went to background;LanguageListScreen;1790595493883;289c0715e027451abc8edfdb361119bf;English;"{""device_model"": ""SM-A032F"", ""language_version"": ""null""}";BWU-KZK-PBQ-JEV-U1_2e324e66-20db-44ec-8999-5b1dafb115d7;2026-09-29 00:00:33.144352+00
3506ade2-fd28-484b-b034-dce7ba2f7767;BWU-KZK-PBQ-JEV-U1;suspended;App went to background;LanguageListScreen;1790595725082;a1cdbc5e48b74dbca1a3fdc4842f8f4a;Uzbekistan - Uzbek;"{""device_model"": ""SM-A032F"", ""language_version"": ""null""}";BWU-KZK-PBQ-JEV-U1_2e324e66-20db-44ec-8999-5b1dafb115d7;2026-09-29 00:00:33.144353+00
98f28da6-1f91-467e-8afb-8194417ffcd4;BWU-KZK-PBQ-JEV-U1;suspended;App went to background;Onboarding;1790599184118;289c0715e027451abc8edfdb361119bf;English;"{""device_model"": ""SM-A032F"", ""language_version"": ""1""}";BWU-KZK-PBQ-JEV-U1_5fc2357a-0855-43f7-b0f8-717c89964d93;2026-09-29 00:00:33.194116+00
d8c91a2d-84a0-427d-a3c8-f84cf28a8a92;BWU-KZK-PBQ-JEV-U1;suspended;App went to background;Onboarding;1790601936554;289c0715e027451abc8edfdb361119bf;English;"{""language_version"": ""1""}";BWU-KZK-PBQ-JEV-U1_f3465c3b-5086-477e-b9a4-2bd690c04b98;2026-09-29 00:00:33.24429+00
dd577456-27cc-4999-a7e0-d0bd3bb19a76;BWU-KZK-PBQ-JEV-U1;suspended;App went to background;OnboardingSurveyScreen;1790608560939;289c0715e027451abc8edfdb361119bf;English;"{""language_version"": ""1""}";BWU-KZK-PBQ-JEV-U1_3f221190-7135-40b7-af1f-77582ebf7333;2026-09-29 00:00:33.378816+00
4a0c398d-c577-4c01-9267-45a471857cec;BWU-KZK-PBQ-JEV-U1;suspended;App went to background;OnboardingSurveyScreen;1790608709204;289c0715e027451abc8edfdb361119bf;English;"{""language_version"": ""1""}";BWU-KZK-PBQ-JEV-U1_87aabc1f-4bbc-4853-8ead-91026223de9f;2026-09-29 00:00:33.419165+00
3d95c76e-ae8b-4583-b03f-ad440fd74997;BWU-KZK-PBQ-JEV-U1;suspended;App went to background;OnboardingSurveyScreen;1790608747243;289c0715e027451abc8edfdb361119bf;English;"{""language_version"": ""1""}";BWU-KZK-PBQ-JEV-U1_27427a50-b88e-4c05-a393-2db14646a13c;2026-09-29 00:00:33.456668+00
d7a7786b-fe64-462e-92d2-b829b9998527;BWU-KZK-PBQ-JEV-U1;suspended;App went to background;OnboardingSurveyScreen;1790608785503;289c0715e027451abc8edfdb361119bf;English;"{""language_version"": ""1""}";BWU-KZK-PBQ-JEV-U1_93857d57-405b-42cf-8db2-b3f72b5d3e60;2026-09-29 00:00:33.491226+00
2c1880b9-a8ca-44f3-bb39-2cc2e3b9f36d;BWU-LKN-LQU-LCK-U1;suspended;App went to background;LanguageListScreen;1790617986340;null;null;"{""device_model"": ""SM-A566B"", ""language_version"": ""null""}";BWU-LKN-LQU-LCK-U1_00d9b894-d8f9-43d6-a992-849a9c8c129b;2026-09-29 00:00:33.528112+00
1208e24d-d6d6-47c5-ae7a-20f0a87779ae;BWU-LKN-LQU-LCK-U1;suspended;App went to background;Onboarding;1790618063992;289c0715e027451abc8edfdb361119bf;English;"{""device_model"": ""SM-A566B"", ""language_version"": ""1""}";BWU-LKN-LQU-LCK-U1_f4cc68b6-4457-4457-a1d6-a80cb9636d06;2026-09-29 00:00:33.566065+00
5a6652d6-1df0-49d3-add7-a53391b7276b;BWU-LKN-LQU-LCK-U1;suspended;App went to background;OnboardingSurveyScreen;1790618130238;289c0715e027451abc8edfdb361119bf;English;"{""language_version"": ""1""}";BWU-LKN-LQU-LCK-U1_33ef9be6-7a1a-4641-a809-a278106f1540;2026-09-29 00:00:33.605192+00
1158b2d8-9ef9-4370-ac9d-749531c989cc;BWU-LKN-LQU-LCK-U1;suspended;App went to background;OnboardingSurveyScreen;1790618152436;289c0715e027451abc8edfdb361119bf;English;"{""language_version"": ""1""}";BWU-LKN-LQU-LCK-U1_9da4c942-d59e-429d-b9ff-18d535f85b73;2026-09-29 00:00:33.661105+00
