id;profile_id;event_type;description;screen_name;event_timestamp;app_id;app_version;app_installation_id;device_os;language_id;language_version;autonym_script;location_lat;location_long;device_model;extra;source_file;ingested_at
6665e628-6b4c-4d70-8ace-0fa7c463d367;BWT-WIF-ABW-LAY-U1;started;App launched.;splash_screen;1789798705841;BWT-WIF-ABW-LAY;3.9.3;737256d0-aacc-4187-880d-c474bee10104;Android;null;null;null;28.7027027027027;77.13629072543182;RMX3842;;BWT-WIF-ABW-LAY-U1_d1dc251d-7fe3-4718-8bd2-27ac1df769c4;2026-09-19 06:20:31.276584+00
3eed7daf-8e0c-4846-81e1-c37dbb01b6cd;BWT-WIF-ABW-LAY-U1;installed;"App installed; initialization complete.";splash_screen;1789798703408;BWT-WIF-ABW-LAY;3.9.3;737256d0-aacc-4187-880d-c474bee10104;Android;d6e10239c4eb4b90b3cbb9ae1986907d;null;Ethiopia - English;;;RMX3842;;BWT-WIF-ABW-LAY-U1_25526b6b-6528-44c9-9872-2b43c0af2e1b;2026-09-19 06:20:31.314291+00
ad377e47-21cf-48f9-9038-b939dd52dc8e;BWT-WIF-ABW-LAY-U1;started;App launched.;splash_screen;1789798766892;BWT-WIF-ABW-LAY;3.9.3;737256d0-aacc-4187-880d-c474bee10104;Android;d6e10239c4eb4b90b3cbb9ae1986907d;1;Ethiopia - English;28.7027027027027;77.13629072543182;RMX3842;;BWT-WIF-ABW-LAY-U1_4458b253-6c56-440e-83ff-0643df7a47ab;2026-09-19 06:20:31.314295+00
"0f7f9ec6-5b06-4493-82a0-f026f7bc6ec1";BWT-WIF-ABW-LAY-U1;started;App launched.;splash_screen;1789813435948;BWT-WIF-ABW-LAY;3.9.3;737256d0-aacc-4187-880d-c474bee10104;Android;d6e10239c4eb4b90b3cbb9ae1986907d;1;Ethiopia - English;28.7027027027027;77.13640186192997;RMX3842;;BWT-WIF-ABW-LAY-U1_8540e818-a292-4efa-b1be-86d4f2cf64c4;2026-09-19 12:00:04.550458+00
afbbe07b-c826-46dc-8474-caa304e5e442;BWT-WRM-ZMZ-ETK-U1;started;App launched.;splash_screen;1789818138005;BWT-WRM-ZMZ-ETK;3.9.3;a606867a-c18f-460e-939b-d711d7ec57e2;iOS;null;null;;;;iPhone 16 Pro;;BWT-WRM-ZMZ-ETK-U1_a083b087-6771-4f8d-9ab5-0f719b9455a9;2026-09-19 12:00:04.594455+00
be4ba80b-e93f-43d4-9e40-c37fb2f9800d;BWT-WRM-ZMZ-ETK-U1;installed;"App installed; initialization complete.";splash_screen;1789818137475;BWT-WRM-ZMZ-ETK;3.9.3;a606867a-c18f-460e-939b-d711d7ec57e2;iOS;null;null;;;;iPhone 16 Pro;;BWT-WRM-ZMZ-ETK-U1_9947b59f-8df0-41e4-8bb6-3611b480ea7a;2026-09-19 12:00:04.594461+00
dde3d4b2-95a0-4321-b65d-3efc23f41e35;BWT-YQA-NMG-OIO-U1;started;App launched.;splash_screen;1789923643502;BWT-YQA-NMG-OIO;3.6.8;dfe50543-6a9f-407a-b930-e502d47e4830;Android;null;null;null;;;Android SDK built for x86;;BWT-YQA-NMG-OIO-U1_6161a166-80bb-4aa5-ae97-306bc669d667;2026-09-21 00:00:07.648214+00
8739dbd0-eb53-42b3-8ec8-7f9d542afd63;BWT-YQA-NMG-OIO-U1;installed;"App installed; initialization complete.";splash_screen;1789923643516;BWT-YQA-NMG-OIO;3.6.8;dfe50543-6a9f-407a-b930-e502d47e4830;Android;289c0715e027451abc8edfdb361119bf;null;English;;;Android SDK built for x86;;BWT-YQA-NMG-OIO-U1_6161a166-80bb-4aa5-ae97-306bc669d667;2026-09-21 00:00:07.70303+00
fd6e0b47-6812-4896-b39f-7165358e7559;BWT-YQA-NMG-OIO-U1;started;App launched.;splash_screen;1789925157867;BWT-YQA-NMG-OIO;3.6.8;dfe50543-6a9f-407a-b930-e502d47e4830;Android;289c0715e027451abc8edfdb361119bf;1;English;;;Android SDK built for x86;;BWT-YQA-NMG-OIO-U1_376e5080-259b-4559-83a1-77cc56b41ba4;2026-09-21 12:00:08.584086+00
369a801e-27a9-4879-9476-6e6ed0cc6260;BWT-YQA-NMG-OIO-U1;started;App launched.;splash_screen;1789925436164;BWT-YQA-NMG-OIO;3.6.8;dfe50543-6a9f-407a-b930-e502d47e4830;Android;289c0715e027451abc8edfdb361119bf;1;English;;;Android SDK built for x86;;BWT-YQA-NMG-OIO-U1_376e5080-259b-4559-83a1-77cc56b41ba4;2026-09-21 12:00:08.58409+00
e5395903-bb07-49d3-9654-893728a905f1;BWT-ZQP-UCW-SRJ-U1;installed;"App installed; initialization complete.";splash_screen;1789979159621;BWT-ZQP-UCW-SRJ;"4.0.0";826d1215-e89a-4877-8eac-f323c25bd37b;Android;null;null;null;;;Pixel 5;;BWT-ZQP-UCW-SRJ-U1_cb28b15d-c041-4e72-955d-19472495b5a8;2026-09-21 12:00:08.631196+00
1741943c-2c33-4050-8e62-47c57eb3f427;BWT-ZQP-UCW-SRJ-U1;started;App launched.;splash_screen;1789979159784;BWT-ZQP-UCW-SRJ;"4.0.0";826d1215-e89a-4877-8eac-f323c25bd37b;Android;null;null;null;;;Pixel 5;;BWT-ZQP-UCW-SRJ-U1_3df4ffca-f751-458b-bfa2-b068a4e1f1ea;2026-09-21 12:00:08.631201+00
22970d3e-ba5b-4ebd-9951-0504f73e9adb;BWT-ZQP-VEP-RZQ-U1;installed;"App installed; initialization complete.";splash_screen;1789979161327;BWT-ZQP-VEP-RZQ;"4.0.0";514db880-4911-4f10-8e92-46c25c2a4d86;Android;null;null;null;;;Pixel 8;;BWT-ZQP-VEP-RZQ-U1_ea882382-e48d-46d4-9a2b-46b6eb732723;2026-09-21 12:00:08.669292+00
d0f62e9c-cbbf-4329-ba89-81cc59c0bc58;BWT-ZQP-VEP-RZQ-U1;started;App launched.;splash_screen;1789979161960;BWT-ZQP-VEP-RZQ;"4.0.0";514db880-4911-4f10-8e92-46c25c2a4d86;Android;null;null;null;;;Pixel 8;;BWT-ZQP-VEP-RZQ-U1_154063d7-b9ea-489d-ac8a-3301fb673d63;2026-09-21 12:00:08.669296+00
15abc741-aa5f-4255-b892-7c9c6f7802fd;BWT-ZQP-UGZ-EDR-U1;started;App launched.;splash_screen;1789979162721;BWT-ZQP-UGZ-EDR;"4.0.0";46a45233-8862-4f12-9f69-8f9a1ffeaac0;Android;null;null;null;;;Pixel 7;;BWT-ZQP-UGZ-EDR-U1_6a121e11-0d44-42be-b03d-cba4dc3ecd29;2026-09-21 12:00:08.716569+00
bb9692d4-6d52-42ab-bfb8-bb9b7f638afc;BWT-ZQP-YKS-ITJ-U1;installed;"App installed; initialization complete.";splash_screen;1789979171450;BWT-ZQP-YKS-ITJ;"4.0.0";7d428d62-13dd-48cc-a019-7964ca5b54c7;Android;null;null;null;;;Pixel 6;;BWT-ZQP-YKS-ITJ-U1_d7229d3b-8484-44c3-88f6-b27822c3ad7e;2026-09-21 12:00:08.754036+00
c068c018-ddb6-43e9-85a6-cfc2627cdaa4;BWT-ZQP-YKS-ITJ-U1;started;App launched.;splash_screen;1789979171972;BWT-ZQP-YKS-ITJ;"4.0.0";7d428d62-13dd-48cc-a019-7964ca5b54c7;Android;null;null;null;;;Pixel 6;;BWT-ZQP-YKS-ITJ-U1_75c77523-922b-479a-8ec5-68ee8ba39402;2026-09-21 12:00:08.754039+00
f1edf897-f133-45db-9151-939fb137c78a;BWT-ZQQ-AGL-FXC-U1;installed;"App installed; initialization complete.";splash_screen;1789979177670;BWT-ZQQ-AGL-FXC;"4.0.0";7638c327-259f-4ef6-b75c-72d6b28e6578;Android;null;null;null;;;Pixel 8;;BWT-ZQQ-AGL-FXC-U1_01dc06e8-8d4f-49e2-b8eb-e7b0a956f1e0;2026-09-21 12:00:08.79187+00
6a0252ac-925b-4ee4-a927-700a92fbbaa1;BWT-ZQQ-AGL-FXC-U1;started;App launched.;splash_screen;1789979178192;BWT-ZQQ-AGL-FXC;"4.0.0";7638c327-259f-4ef6-b75c-72d6b28e6578;Android;null;null;null;;;Pixel 8;;BWT-ZQQ-AGL-FXC-U1_c07928bd-66d7-492d-b9a6-2c30ce22b6cb;2026-09-21 12:00:08.791874+00
3935a97b-fdce-4f19-b673-105eabd8fecc;BWT-ZQP-UGZ-EDR-U1;installed;"App installed; initialization complete.";splash_screen;1789979166582;BWT-ZQP-UGZ-EDR;"4.0.0";46a45233-8862-4f12-9f69-8f9a1ffeaac0;Android;ce6c5142689e4be5abb4f2aed46a688d;null;Portuguese;;;Pixel 7;;BWT-ZQP-UGZ-EDR-U1_37d15ed8-ef2b-4ae0-9c94-4cb67292fd23;2026-09-21 12:00:08.83666+00
"0de33f56-4839-4ddd-90ce-70f7d3dde81f";BWT-ZQS-GSA-ZLS-U1;installed;"App installed; initialization complete.";splash_screen;1789979360343;BWT-ZQS-GSA-ZLS;"4.0.0";1770f37a-9ed0-4a50-8df7-ff9de5855d03;Android;null;null;null;;;sdk_goog3_gpc_x86_64;;BWT-ZQS-GSA-ZLS-U1_0d377f77-7c44-4ac1-9550-817295fc4c22;2026-09-21 12:00:08.881061+00
95a0384e-5786-4fa8-95f1-9ef5645a7683;BWT-ZQS-GSA-ZLS-U1;started;App launched.;splash_screen;1789979360831;BWT-ZQS-GSA-ZLS;"4.0.0";1770f37a-9ed0-4a50-8df7-ff9de5855d03;Android;null;null;null;;;sdk_goog3_gpc_x86_64;;BWT-ZQS-GSA-ZLS-U1_220d0129-6bec-4273-b02c-7edf30335ffa;2026-09-21 12:00:08.921231+00
3860e28e-38c8-447f-bdca-1997a9036d48;BWT-ZQT-AJV-QMH-U1;installed;"App installed; initialization complete.";splash_screen;1789979418620;BWT-ZQT-AJV-QMH;"4.0.0";baec2c68-5525-4820-bd16-fc7973e0369a;Android;null;null;null;;;SM-S918U1;;BWT-ZQT-AJV-QMH-U1_f288f3c1-4b42-41ad-add8-6ce0b541bc13;2026-09-21 12:00:09.042324+00
d5471167-5808-4489-8096-c5b54fa6a9a8;BWT-ZQT-AJV-QMH-U1;started;App launched.;splash_screen;1789979418967;BWT-ZQT-AJV-QMH;"4.0.0";baec2c68-5525-4820-bd16-fc7973e0369a;Android;null;null;null;;;SM-S918U1;;BWT-ZQT-AJV-QMH-U1_ad1e6b94-4cb8-4e02-9147-875025bab4ab;2026-09-21 12:00:09.042328+00
e64a1e0d-bf1c-4ecc-91f7-5170cc537bb4;BWT-ZQS-BFD-BKX-U1;installed;"App installed; initialization complete.";splash_screen;1789979341175;BWT-ZQS-BFD-BKX;"4.0.0";89de370a-dc7a-4fbe-9041-b0b290a6582f;Android;d2c99bcb8ce7481bb80583b091c6e715;null;Portuguese;;;OnePlus8Pro;;BWT-ZQS-BFD-BKX-U1_9782ea6c-a5d7-4a46-90a7-bfade2c26b49;2026-09-21 12:00:09.079657+00
9e7569b7-7bb7-4ab5-ae46-6a8511acb467;BWT-ZQS-BFD-BKX-U1;started;App launched.;splash_screen;1789979341417;BWT-ZQS-BFD-BKX;"4.0.0";89de370a-dc7a-4fbe-9041-b0b290a6582f;Android;d2c99bcb8ce7481bb80583b091c6e715;null;Portuguese;;;OnePlus8Pro;;BWT-ZQS-BFD-BKX-U1_6f094b12-3184-49be-9836-377f82910bfb;2026-09-21 12:00:09.079661+00
48982c0f-affe-427b-8c41-0a94c5291212;BWT-ZQT-MRS-CUC-U1;installed;"App installed; initialization complete.";splash_screen;1789979457177;BWT-ZQT-MRS-CUC;"4.0.0";148950d3-5e89-414b-a92d-fee4cc4955fc;Android;null;null;null;;;moto g(20);;BWT-ZQT-MRS-CUC-U1_bf6b89d7-6107-4579-b2ba-744dc36c2bfb;2026-09-21 12:00:09.149398+00
c2fc7320-0754-4856-a2d7-35739e8bcc75;BWT-ZQT-MRS-CUC-U1;started;App launched.;splash_screen;1789979457708;BWT-ZQT-MRS-CUC;"4.0.0";148950d3-5e89-414b-a92d-fee4cc4955fc;Android;null;null;null;;;moto g(20);;BWT-ZQT-MRS-CUC-U1_5685ad09-cbc4-4bdd-b557-b00323b3bd32;2026-09-21 12:00:09.149401+00
d229d6ce-e9e3-433b-91ba-96c68b2fda49;BWT-ZQS-GSA-ZLS-U1;started;App launched.;splash_screen;1789979523818;BWT-ZQS-GSA-ZLS;"4.0.0";1770f37a-9ed0-4a50-8df7-ff9de5855d03;Android;dbfe8365037d40de961aaeabf7ede35e;null;Spanish;;;sdk_goog3_gpc_x86_64;;BWT-ZQS-GSA-ZLS-U1_8864518c-3e4e-4c38-b6a8-298df3700b0e;2026-09-21 12:00:09.381196+00
e84de5df-201b-4d56-b701-6d3357ebe0ab;BWT-ZQU-NAR-GIA-U1;installed;"App installed; initialization complete.";splash_screen;1789979537720;BWT-ZQU-NAR-GIA;"4.0.0";bbb2be37-9329-494f-a0b0-b993d5f17fc6;Android;null;null;null;;;sdk_gphone16k_arm64;;BWT-ZQU-NAR-GIA-U1_c56b95b7-4079-44ac-8d4c-9d36ae55883d;2026-09-21 12:00:09.415658+00
dec297ea-fa49-4ff2-816b-c542c90bdfb4;BWT-ZQU-NAR-GIA-U1;started;App launched.;splash_screen;1789979538572;BWT-ZQU-NAR-GIA;"4.0.0";bbb2be37-9329-494f-a0b0-b993d5f17fc6;Android;null;null;null;;;sdk_gphone16k_arm64;;BWT-ZQU-NAR-GIA-U1_2b84a164-6854-4f37-8ea3-a0d372383616;2026-09-21 12:00:09.415661+00
b3954835-7ce5-4366-a993-fa4d84a1c8e6;BWT-ZQU-ONS-IXD-U1;installed;"App installed; initialization complete.";splash_screen;1789979542911;BWT-ZQU-ONS-IXD;"4.0.0";ba2ea7e1-438a-4777-9e39-042b500dae8c;Android;null;null;null;;;sdk_gphone16k_arm64;;BWT-ZQU-ONS-IXD-U1_f270241b-e3ff-4d6a-94c3-c6fdd4188ba3;2026-09-21 12:00:09.451486+00
6e2ad226-c348-47ce-b0ff-60b34fe6eee1;BWT-ZQU-ONS-IXD-U1;started;App launched.;splash_screen;1789979543236;BWT-ZQU-ONS-IXD;"4.0.0";ba2ea7e1-438a-4777-9e39-042b500dae8c;Android;null;null;null;;;sdk_gphone16k_arm64;;BWT-ZQU-ONS-IXD-U1_cb76f6b9-5165-4413-b2e6-83eeacad6229;2026-09-21 12:00:09.451489+00
306a2ba0-6022-40ee-9b88-2e2b572c1377;BWT-ZQS-GSA-ZLS-U1;started;App launched.;splash_screen;1789979562784;BWT-ZQS-GSA-ZLS;"4.0.0";1770f37a-9ed0-4a50-8df7-ff9de5855d03;Android;dbfe8365037d40de961aaeabf7ede35e;null;Spanish;;;sdk_goog3_gpc_x86_64;;BWT-ZQS-GSA-ZLS-U1_23c81e49-1c9b-47e1-b704-ee689adfa8d1;2026-09-21 12:00:09.525663+00
9e6f995d-2d0c-49f2-b48d-e4565d740d43;BWT-ZQT-AJV-QMH-U1;started;App launched.;splash_screen;1789979523303;BWT-ZQT-AJV-QMH;"4.0.0";baec2c68-5525-4820-bd16-fc7973e0369a;Android;f3195a61b68d4fdb84ae729e8d0aaccc;null;French;;;SM-S918U1;;BWT-ZQT-AJV-QMH-U1_993733a5-2241-48d2-b585-ea212a3103b1;2026-09-21 12:00:09.560188+00
"0309763d-2071-4060-9ab2-8971fd7c95b5";BWT-ZQT-MRS-CUC-U1;started;App launched.;splash_screen;1789979580930;BWT-ZQT-MRS-CUC;"4.0.0";148950d3-5e89-414b-a92d-fee4cc4955fc;Android;d2c99bcb8ce7481bb80583b091c6e715;1;Arabic;;;moto g(20);;BWT-ZQT-MRS-CUC-U1_348c921f-0d2a-470d-8efb-f34bfa2a43b4;2026-09-21 12:00:09.711083+00
88cc9b07-3c38-4bca-a186-855fa0379377;BWT-ZQU-ONS-IXD-U1;started;App launched.;splash_screen;1789979591561;BWT-ZQU-ONS-IXD;"4.0.0";ba2ea7e1-438a-4777-9e39-042b500dae8c;Android;d2c99bcb8ce7481bb80583b091c6e715;1;Arabic;;;sdk_gphone16k_arm64;;BWT-ZQU-ONS-IXD-U1_b71be871-d312-463e-8b4d-6c5256b659f0;2026-09-21 12:00:09.747808+00
cf29bc5b-8070-45c3-8f5a-f55a065a5d4e;BWT-ZQS-BFD-BKX-U1;started;App launched.;splash_screen;1789979450911;BWT-ZQS-BFD-BKX;"4.0.0";89de370a-dc7a-4fbe-9041-b0b290a6582f;Android;d2c99bcb8ce7481bb80583b091c6e715;1;Arabic;;;OnePlus8Pro;;BWT-ZQS-BFD-BKX-U1_6f094b12-3184-49be-9836-377f82910bfb;2026-09-21 12:00:09.81617+00
faeed32c-a46a-4369-95d3-958095e770de;BWT-ZQU-ONS-IXD-U1;started;App launched.;splash_screen;1789979608674;BWT-ZQU-ONS-IXD;"4.0.0";ba2ea7e1-438a-4777-9e39-042b500dae8c;Android;d2c99bcb8ce7481bb80583b091c6e715;1;Arabic;;;sdk_gphone16k_arm64;;BWT-ZQU-ONS-IXD-U1_c4843c6c-ee05-4b6d-ba4e-1927b8d4c56e;2026-09-21 12:00:09.851356+00
d190b1cf-7fad-4328-84d9-23f4cadb9069;BWT-ZQU-ONS-IXD-U1;started;App launched.;splash_screen;1789979696850;BWT-ZQU-ONS-IXD;"4.0.0";ba2ea7e1-438a-4777-9e39-042b500dae8c;Android;d2c99bcb8ce7481bb80583b091c6e715;1;Arabic;;;sdk_gphone16k_arm64;;BWT-ZQU-ONS-IXD-U1_1694f59c-c4b7-40b8-b4a7-a00c64b70066;2026-09-21 12:00:09.88483+00
6dba9dd4-8e92-4f83-8bdd-164127f2ac0e;BWT-ZQT-MRS-CUC-U1;started;App launched.;splash_screen;1789979601200;BWT-ZQT-MRS-CUC;"4.0.0";148950d3-5e89-414b-a92d-fee4cc4955fc;Android;d2c99bcb8ce7481bb80583b091c6e715;1;Arabic;;;moto g(20);;BWT-ZQT-MRS-CUC-U1_39193f5b-3ee0-4db7-8df8-5749434fc9ca;2026-09-21 12:00:09.928454+00
bfa022fb-20ab-4fa3-ac41-b9984fb47dea;BWT-ZRK-XWO-ZWB-U1;installed;"App installed; initialization complete.";splash_screen;1789980857246;BWT-ZRK-XWO-ZWB;"4.0.0";a92083ae-ab2f-48be-b508-3e1a0685b72a;Android;null;null;null;;;OnePlus8Pro;;BWT-ZRK-XWO-ZWB-U1_e08e0027-2e5d-4fe5-836d-6fc30450fe0f;2026-09-21 12:00:09.966233+00
64a71f8c-0bd0-4671-b53f-b1496a2741bd;BWT-ZRK-XWO-ZWB-U1;started;App launched.;splash_screen;1789980857813;BWT-ZRK-XWO-ZWB;"4.0.0";a92083ae-ab2f-48be-b508-3e1a0685b72a;Android;null;null;null;;;OnePlus8Pro;;BWT-ZRK-XWO-ZWB-U1_f65c84c4-a9de-449e-84d5-0da23d1d1076;2026-09-21 12:00:09.966236+00
e384a683-1f0b-4876-8a0d-65f2f7289b90;BWT-ZRK-XWO-ZWB-U1;started;App launched.;splash_screen;1789981071087;BWT-ZRK-XWO-ZWB;"4.0.0";a92083ae-ab2f-48be-b508-3e1a0685b72a;Android;47d3527babd24e5594eec3fa42b681e0;null;Ethiopia - Afaan Oromo;;;OnePlus8Pro;;BWT-ZRK-XWO-ZWB-U1_c33e1a80-6e90-4989-b5f2-db6d9334728a;2026-09-21 12:00:10.05566+00
9807c7f1-fe9b-468d-be7b-6f56b2c64c23;BWT-ZRK-XWO-ZWB-U1;started;App launched.;splash_screen;1789981128853;BWT-ZRK-XWO-ZWB;"4.0.0";a92083ae-ab2f-48be-b508-3e1a0685b72a;Android;d2c99bcb8ce7481bb80583b091c6e715;1;Arabic;;;OnePlus8Pro;;BWT-ZRK-XWO-ZWB-U1_4835b973-bcf1-4935-b530-a95960e119de;2026-09-21 12:00:10.055663+00
"0089e601-3aa4-4641-91b7-f4837168a890";BWT-ZXX-ZYC-YZW-U1;started;App launched.;splash_screen;1789994440817;BWT-ZXX-ZYC-YZW;"4.0.0";e1c1ed37-5533-4be9-aea2-e5783a81435e;Android;null;null;null;;;Redfin 64-bit only;;BWT-ZXX-ZYC-YZW-U1_81eb9a49-50b3-4798-ab58-c43ba12e2913;2026-09-22 00:00:12.220764+00
9cfb724c-b77f-4015-9a97-b4f51c3171cc;BWT-ZXX-ZYC-YZW-U1;installed;"App installed; initialization complete.";splash_screen;1789994444303;BWT-ZXX-ZYC-YZW;"4.0.0";e1c1ed37-5533-4be9-aea2-e5783a81435e;Android;ce6c5142689e4be5abb4f2aed46a688d;null;Afghanistan;;;Redfin 64-bit only;;BWT-ZXX-ZYC-YZW-U1_d440f761-df90-4717-91f6-9f7e43e7abe4;2026-09-22 00:00:12.261201+00
c49c4269-e3c5-4e74-90b8-e0ef6377ba53;BWU-CNN-JZQ-WIK-U1;started;App launched.;splash_screen;1790135587432;BWU-CNN-JZQ-WIK;3.9.3;d920c766-5e0c-49cc-bfb1-e0bbfdce333b;Android;null;null;null;28.63063063063063;77.36394101448825;RMX3842;;BWU-CNN-JZQ-WIK-U1_8be5c4a4-36ef-4d2d-9499-053871455cee;2026-09-23 05:10:50.663735+00
23a71614-0135-4647-b6b4-a97e69fb8b61;BWU-DHU-QUH-LOB-U1;started;App launched.;splash_screen;1790177940432;BWU-DHU-QUH-LOB;"4.0.0";677b2a21-6146-45a2-8abf-b7e49a1e025f;Android;null;null;null;6.846846846846847;-1.5425547384892124;SM-A165F;;BWU-DHU-QUH-LOB-U1_dc106164-07a8-4295-8814-c2b7a970f83a;2026-09-24 00:00:10.482746+00
208b7b7c-58c0-4954-9962-fbe422bb0624;BWU-DHU-QUH-LOB-U1;installed;"App installed; initialization complete.";splash_screen;1790177936598;BWU-DHU-QUH-LOB;"4.0.0";677b2a21-6146-45a2-8abf-b7e49a1e025f;Android;null;null;null;;;SM-A165F;;BWU-DHU-QUH-LOB-U1_60896ffd-063a-4856-9f4a-03cbd33f8661;2026-09-24 00:00:10.48275+00
400a150b-9a24-4834-8349-223e06e53296;BWU-DHU-QUH-LOB-U1;started;App launched.;splash_screen;1790215904137;BWU-DHU-QUH-LOB;"4.0.0";677b2a21-6146-45a2-8abf-b7e49a1e025f;Android;289c0715e027451abc8edfdb361119bf;1;English;6.8108108108108105;-1.5424175342630175;SM-A165F;;BWU-DHU-QUH-LOB-U1_3943c8ef-92da-4cd3-a2de-d5740e4b4850;2026-09-24 12:00:06.830709+00
75c0cc11-d459-4f2f-afd5-c0f07ac9522b;BWU-ENN-GOW-KWO-U1;installed;"App installed; initialization complete.";splash_screen;1790244168488;BWU-ENN-GOW-KWO;"4.0.0";5de60f86-27b3-497e-8d47-ece5e3f94f28;Android;null;null;null;;;SM-A055F;;BWU-ENN-GOW-KWO-U1_7aa76ac5-5095-48fb-a3fb-4b1cd00c4ded;2026-09-24 12:00:07.009433+00
64a6ebeb-57d5-41d1-8604-b58f04027fa0;BWU-ENN-GOW-KWO-U1;started;App launched.;splash_screen;1790244986141;BWU-ENN-GOW-KWO;"4.0.0";5de60f86-27b3-497e-8d47-ece5e3f94f28;Android;null;null;null;;;SM-A055F;;BWU-ENN-GOW-KWO-U1_7aa76ac5-5095-48fb-a3fb-4b1cd00c4ded;2026-09-24 12:00:07.009437+00
23762153-3fae-441f-af6b-802912615d0d;BWU-ENN-GOW-KWO-U1;started;App launched.;splash_screen;1790246263294;BWU-ENN-GOW-KWO;"4.0.0";5de60f86-27b3-497e-8d47-ece5e3f94f28;Android;289c0715e027451abc8edfdb361119bf;null;English;5.531531531531532;-0.25343241072238626;SM-A055F;;BWU-ENN-GOW-KWO-U1_dbd5bf98-987f-425f-bb0c-ddc3d4ca6a42;2026-09-24 12:00:07.085445+00
60f66fde-8875-4b9e-8460-03867ed2c5a4;BWU-ENN-GOW-KWO-U1;started;App launched.;splash_screen;1790247695306;BWU-ENN-GOW-KWO;"4.0.0";5de60f86-27b3-497e-8d47-ece5e3f94f28;Android;289c0715e027451abc8edfdb361119bf;null;English;5.531531531531532;-0.25343241072238626;SM-A055F;;BWU-ENN-GOW-KWO-U1_dbd5bf98-987f-425f-bb0c-ddc3d4ca6a42;2026-09-24 12:00:07.085448+00
722ebf59-0b22-4026-91ac-4f443ead0675;BWU-ENN-GOW-KWO-U1;started;App launched.;splash_screen;1790250011571;BWU-ENN-GOW-KWO;"4.0.0";5de60f86-27b3-497e-8d47-ece5e3f94f28;Android;d6e10239c4eb4b90b3cbb9ae1986907d;1;Ethiopia - English;5.531531531531532;-0.25343241072238626;SM-A055F;;BWU-ENN-GOW-KWO-U1_adff4787-9834-479c-8f24-6d5b9266a17f;2026-09-24 12:00:07.307981+00
608d8745-1358-4de2-b0bc-0d8c40e6e218;BWU-ENN-GOW-KWO-U1;started;App launched.;splash_screen;1790251359860;BWU-ENN-GOW-KWO;"4.0.0";5de60f86-27b3-497e-8d47-ece5e3f94f28;Android;d6e10239c4eb4b90b3cbb9ae1986907d;1;Ethiopia - English;;;SM-A055F;;BWU-ENN-GOW-KWO-U1_345ae20f-a56d-455a-a845-1f29270c3134;2026-09-25 00:00:31.145281+00
"087ceefb-9aaa-495e-8989-6f383d9c7032";BWU-ENN-GOW-KWO-U1;started;App launched.;splash_screen;1790254025877;BWU-ENN-GOW-KWO;"4.0.0";5de60f86-27b3-497e-8d47-ece5e3f94f28;Android;d6e10239c4eb4b90b3cbb9ae1986907d;1;Ethiopia - English;;;SM-A055F;;BWU-ENN-GOW-KWO-U1_6a880c3d-09b2-4695-af27-719b16a7cd44;2026-09-25 00:00:31.145284+00
7a1a75aa-b521-45f3-9917-c47aeb5889e0;BWU-FXC-FUO-TLW-U1;installed;"App installed; initialization complete.";splash_screen;1790318458128;BWU-FXC-FUO-TLW;"4.0.0";c12532ce-5ad5-4f8f-a0cd-a10c007c4e23;Android;8a2ddf1bc349422892f5f4e9be2b92c5;null;Nepal - English;;;M2102J20SI;;BWU-FXC-FUO-TLW-U1_a812329d-59ca-4864-b306-8611244a1627;2026-09-25 12:00:14.632102+00
80ead863-81b8-4994-8e79-d284d82e61f3;BWU-FXC-FUO-TLW-U1;started;App launched.;splash_screen;1790318458785;BWU-FXC-FUO-TLW;"4.0.0";c12532ce-5ad5-4f8f-a0cd-a10c007c4e23;Android;8a2ddf1bc349422892f5f4e9be2b92c5;null;Nepal - English;28.63063063063063;77.37020126909101;M2102J20SI;;BWU-FXC-FUO-TLW-U1_de9a05fe-9451-4bec-abce-d5798eb56415;2026-09-25 12:00:14.632107+00
b3b187f8-330a-4c43-ab11-1d83a93a2715;BWU-FXC-FUO-TLW-U1;started;App launched.;splash_screen;1790319936896;BWU-FXC-FUO-TLW;"4.0.0";c12532ce-5ad5-4f8f-a0cd-a10c007c4e23;Android;8a2ddf1bc349422892f5f4e9be2b92c5;1;Nepal - English;28.63063063063063;77.37020126909101;M2102J20SI;;BWU-FXC-FUO-TLW-U1_9d7c99d0-de65-4e76-9371-9aa344885656;2026-09-25 12:00:14.699966+00
3712513f-f16b-4640-bdb4-8ec614f1845f;BWU-ENN-GOW-KWO-U1;started;App launched.;splash_screen;1790345692306;BWU-ENN-GOW-KWO;"4.0.0";5de60f86-27b3-497e-8d47-ece5e3f94f28;Android;d6e10239c4eb4b90b3cbb9ae1986907d;1;Ethiopia - English;;;SM-A055F;;BWU-ENN-GOW-KWO-U1_dfb2a6a4-f258-4b10-b85a-379ad2185f88;2026-09-26 00:00:09.43172+00
7967fe32-2329-4e57-990b-21208896bacc;BWU-HNR-NYQ-CYX-U1;installed;"App installed; initialization complete.";splash_screen;1790407398555;BWU-HNR-NYQ-CYX;"4.0.0";8dcda9e0-1459-4442-a7aa-f801efee45cc;Android;null;null;null;4.900900900900901;-1.953086522068074;TECNO KL6;;BWU-HNR-NYQ-CYX-U1_67fcc4cd-3bbf-4398-8188-1f635033a6d0;2026-09-26 12:00:21.230511+00
c6e5ab16-ff93-474a-ad3a-ea11f911c63f;BWU-HNR-NYQ-CYX-U1;started;App launched.;splash_screen;1790407398797;BWU-HNR-NYQ-CYX;"4.0.0";8dcda9e0-1459-4442-a7aa-f801efee45cc;Android;null;null;null;4.900900900900901;-1.953086522068074;TECNO KL6;;BWU-HNR-NYQ-CYX-U1_67fcc4cd-3bbf-4398-8188-1f635033a6d0;2026-09-26 12:00:21.230515+00
"0269dc86-06a8-44df-a323-a8dedc12bccf";BWU-HXU-JPR-XKX-U1;installed;"App installed; initialization complete.";splash_screen;1790428512651;BWU-HXU-JPR-XKX;"4.0.0";3bae4170-72cb-4485-b4a3-650cadd89980;Android;null;null;null;;;TECNO KL5;;BWU-HXU-JPR-XKX-U1_00d8503b-5447-4ae3-afeb-d372fe780aa8;2026-09-27 00:00:42.234798+00
2d4ebb5d-080e-4c9b-ba55-8b981ada98c1;BWU-HXU-JPR-XKX-U1;started;App launched.;splash_screen;1790428509875;BWU-HXU-JPR-XKX;"4.0.0";null;Android;null;null;null;;;TECNO KL5;;BWU-HXU-JPR-XKX-U1_10f304f1-ba70-4a49-9f03-3386a0e120f2;2026-09-27 00:00:42.234802+00
8ca83344-45ca-49ac-867b-89314560dd18;BWU-HXU-JPR-XKX-U1;started;App launched.;splash_screen;1790499334812;BWU-HXU-JPR-XKX;"4.0.0";3bae4170-72cb-4485-b4a3-650cadd89980;Android;7cf6efab-a9d7-54d2-2cbd-ec82efe4a7da;1;null;;;TECNO KL5;;BWU-HXU-JPR-XKX-U1_c2e7de49-6a93-4e8c-9a58-1a61f2183cf6;2026-09-27 12:00:59.583462+00
4b5f3e01-1366-4b5c-be7c-6f3386ac8c5b;BWU-JVE-SKG-GFX-U1;installed;"App installed; initialization complete.";splash_screen;1790531665938;BWU-JVE-SKG-GFX;"4.0.0";"08af61c2-abd0-48a0-98d6-dda10cbfdb0e";Android;null;null;null;;;S25 Ultra;;BWU-JVE-SKG-GFX-U1_808b667e-02ca-49e0-b62f-c03c77c6580a;2026-09-28 00:00:07.217763+00
31680e33-452f-4c45-be07-dd2adb03de46;BWU-KRM-UYF-JHN-U1;started;App launched.;splash_screen;1790578258128;BWU-KRM-UYF-JHN;"4.0.0";5d9a5941-d707-4166-b6b5-b2a195ffacd0;Android;null;null;null;;;SM-S908E;;BWU-KRM-UYF-JHN-U1_338c56d7-6eb5-42b1-bd05-41179136b4eb;2026-09-28 12:00:16.868786+00
5ed6a66a-0edd-47d9-8d85-6b53b8e5eabc;BWU-KRM-UYF-JHN-U1;installed;"App installed; initialization complete.";splash_screen;1790578259705;BWU-KRM-UYF-JHN;"4.0.0";5d9a5941-d707-4166-b6b5-b2a195ffacd0;Android;null;null;null;;;SM-S908E;;BWU-KRM-UYF-JHN-U1_536cb4ae-4705-4a92-876f-e1b414537bd2;2026-09-28 12:00:16.915307+00
4f04c078-5685-4262-92f7-ab6d67a2bd5d;BWU-KUP-TCR-APT-U1;installed;"App installed; initialization complete.";splash_screen;1790584755734;BWU-KUP-TCR-APT;3.9.3;9099e21b-2387-473b-9e14-1bdabdacca5c;Android;cca954e8-6c14-6924-6990-010cd19c7919;null;null;28.63063063063063;77.37020126909101;M2102J20SI;;BWU-KUP-TCR-APT-U1_b57138d7-d456-435d-b8be-09cc3e26258a;2026-09-28 12:00:16.961997+00
8a38116b-4e54-41ef-9c6e-3b834307ef1d;BWU-KUP-TCR-APT-U1;started;App launched.;splash_screen;1790584756262;BWU-KUP-TCR-APT;3.9.3;9099e21b-2387-473b-9e14-1bdabdacca5c;Android;cca954e8-6c14-6924-6990-010cd19c7919;null;null;28.63063063063063;77.37020126909101;M2102J20SI;;BWU-KUP-TCR-APT-U1_b57138d7-d456-435d-b8be-09cc3e26258a;2026-09-28 12:00:16.962001+00
8d7dd5a2-1a1f-4c74-8876-d4cf40a8887b;BWU-KUP-TCR-APT-U1;started;App launched.;splash_screen;1790589958857;BWU-KUP-TCR-APT;3.9.3;9099e21b-2387-473b-9e14-1bdabdacca5c;Android;cca954e8-6c14-6924-6990-010cd19c7919;1;Ethiopia - English;28.63063063063063;77.37020126909101;M2102J20SI;;BWU-KUP-TCR-APT-U1_11bda710-2be8-4ca9-a304-ba8e8cc7062d;2026-09-28 12:00:17.345494+00
2509e888-5eff-470e-85f6-591c25f8839b;BWU-KZJ-AGK-PSP-U1;started;App launched.;splash_screen;1790594660628;BWU-KZJ-AGK-PSP;"4.0.0";f0ad32fa-2f65-4cb9-a567-476d4113c883;Android;null;null;null;5.72972972972973;-0.2173018779520948;SM-G991U;;BWU-KZJ-AGK-PSP-U1_2214f24c-5360-4206-a3da-aef65cf3dc36;2026-09-28 12:00:17.37767+00
b77d3785-6514-4323-b4b0-95141df66f7e;BWU-KZJ-AGK-PSP-U1;installed;"App installed; initialization complete.";splash_screen;1790594658201;BWU-KZJ-AGK-PSP;"4.0.0";f0ad32fa-2f65-4cb9-a567-476d4113c883;Android;289c0715e027451abc8edfdb361119bf;null;English;;;SM-G991U;;BWU-KZJ-AGK-PSP-U1_0bd3c3da-ffb5-4a7c-bc38-644aa322a7e5;2026-09-28 12:00:17.40878+00
f473cbd0-bd61-47bc-b47f-d2c847a70964;BWU-KZK-PBQ-JEV-U1;started;App launched.;splash_screen;1790594787142;BWU-KZK-PBQ-JEV;"4.0.0";null;Android;null;null;null;5.72972972972973;-0.2173018779520948;SM-A032F;;BWU-KZK-PBQ-JEV-U1_a4705560-b3cc-494e-a1eb-288a0ca1586c;2026-09-28 12:00:17.517198+00
6676f0b4-09c7-4eff-96fd-ace9f920e3cc;BWU-KZK-PBQ-JEV-U1;installed;"App installed; initialization complete.";splash_screen;1790594787987;BWU-KZK-PBQ-JEV;"4.0.0";5eb236d7-563f-49b0-9006-4d864f00843c;Android;null;null;null;5.72972972972973;-0.2173018779520948;SM-A032F;;BWU-KZK-PBQ-JEV-U1_a4705560-b3cc-494e-a1eb-288a0ca1586c;2026-09-28 12:00:17.517201+00
a876fcc1-8430-438a-a3a8-2e1e16ac5b8e;BWU-KZK-PBQ-JEV-U1;started;App launched.;splash_screen;1790598996403;BWU-KZK-PBQ-JEV;"4.0.0";5eb236d7-563f-49b0-9006-4d864f00843c;Android;a1cdbc5e48b74dbca1a3fdc4842f8f4a;null;Uzbekistan - Uzbek;5.72972972972973;-0.2173018779520948;SM-A032F;;BWU-KZK-PBQ-JEV-U1_2e324e66-20db-44ec-8999-5b1dafb115d7;2026-09-29 00:00:33.145515+00
8fa4d50e-c9f6-4b21-9e20-3f2faaaf9cbf;BWU-KZK-PBQ-JEV-U1;started;App launched.;splash_screen;1790601579349;BWU-KZK-PBQ-JEV;"4.0.0";5eb236d7-563f-49b0-9006-4d864f00843c;Android;289c0715e027451abc8edfdb361119bf;1;English;5.72972972972973;-0.2173018779520948;SM-A032F;;BWU-KZK-PBQ-JEV-U1_5fc2357a-0855-43f7-b0f8-717c89964d93;2026-09-29 00:00:33.194956+00
8685e606-a73e-4437-8c88-55749ac877ae;BWU-KZK-PBQ-JEV-U1;started;App launched.;splash_screen;1790608457835;BWU-KZK-PBQ-JEV;"4.0.0";5eb236d7-563f-49b0-9006-4d864f00843c;Android;289c0715e027451abc8edfdb361119bf;1;English;5.72972972972973;-0.2173018779520948;SM-A032F;;BWU-KZK-PBQ-JEV-U1_04f1f161-a320-4e21-b83e-a609c1809daa;2026-09-29 00:00:33.337743+00
996b17d7-5718-43ae-b6f0-25e84145b68d;BWU-LKN-LQU-LCK-U1;started;App launched.;splash_screen;1790617984204;BWU-LKN-LQU-LCK;"4.0.0";1520aad0-ee94-43fe-883a-1e2010cfc3c9;Android;null;null;null;5.2792792792792795;-2.0085207250545736;SM-A566B;;BWU-LKN-LQU-LCK-U1_00d9b894-d8f9-43d6-a992-849a9c8c129b;2026-09-29 00:00:33.528515+00
38cdcb28-0c52-4a41-929d-431ad6cbb20c;BWU-LKN-LQU-LCK-U1;installed;"App installed; initialization complete.";splash_screen;1790617983521;BWU-LKN-LQU-LCK;"4.0.0";1520aad0-ee94-43fe-883a-1e2010cfc3c9;Android;289c0715e027451abc8edfdb361119bf;null;English;;;SM-A566B;;BWU-LKN-LQU-LCK-U1_b3400b3f-3740-4689-9cdc-67a1ea079f3f;2026-09-29 00:00:33.566497+00
