id;profile_id;auth_event_type;event_type;description;screen_name;event_timestamp;is_local_user;extra;source_file;ingested_at
833890b4-7f7b-46e5-8828-1aa43d0b5948;BWU-DHU-QUH-LOB-U1;login;viewed;Google SSO login successful;user_profile_screen;1790216437993;;"{""auth_type"": ""google"", ""is_new_user"": ""false"", ""language_id"": ""289c0715e027451abc8edfdb361119bf"", ""response_code"": ""1x419_USER_EXISTS"", ""autonym_script"": ""English""}";BWU-DHU-QUH-LOB-U1_a7a728e0-dd21-4582-a56c-eb937b8b4e1c;2026-09-24 12:00:06.955592+00
5f3ce1d4-1935-4b96-9526-f0740b61099a;BWU-ENN-GOW-KWO-U1;login;attempted;User attempted to continue login/registration;user_profile_screen;1790250174755;;"{""auth_type"": ""phone"", ""language_id"": ""d6e10239c4eb4b90b3cbb9ae1986907d"", ""autonym_script"": ""Ethiopia - English""}";BWU-ENN-GOW-KWO-U1_345ae20f-a56d-455a-a845-1f29270c3134;2026-09-25 00:00:31.102483+00
b6cc5211-10de-404f-bafc-500f27478e62;BWU-ENN-GOW-KWO-U1;login;attempted;User attempted to continue login/registration;user_profile_screen;1790250294685;;"{""auth_type"": ""phone"", ""language_id"": ""d6e10239c4eb4b90b3cbb9ae1986907d"", ""autonym_script"": ""Ethiopia - English""}";BWU-ENN-GOW-KWO-U1_345ae20f-a56d-455a-a845-1f29270c3134;2026-09-25 00:00:31.102488+00
bda11680-fa36-475c-b76e-553e46fc0f05;BWU-ENN-GOW-KWO-U1;login;attempted;User attempted to continue login/registration;user_profile_screen;1790250296904;;"{""auth_type"": ""phone"", ""language_id"": ""d6e10239c4eb4b90b3cbb9ae1986907d"", ""autonym_script"": ""Ethiopia - English""}";BWU-ENN-GOW-KWO-U1_345ae20f-a56d-455a-a845-1f29270c3134;2026-09-25 00:00:31.10249+00
4b0f7579-40e6-44ec-80ca-21fd71dfa991;BWU-ENN-GOW-KWO-U1;login_failed;failed;Google SSO failed: Network Error;user_profile_screen;1790250326235;;"{""reason"": ""Network Error"", ""auth_type"": ""google"", ""language_id"": ""d6e10239c4eb4b90b3cbb9ae1986907d"", ""response_code"": ""null"", ""autonym_script"": ""Ethiopia - English""}";BWU-ENN-GOW-KWO-U1_345ae20f-a56d-455a-a845-1f29270c3134;2026-09-25 00:00:31.102492+00
8aac6f1f-9c88-4aa1-8b80-39e358da87d1;BWU-ENN-GOW-KWO-U1;login;attempted;User attempted to continue login/registration;user_profile_screen;1790250333941;;"{""auth_type"": ""phone"", ""language_id"": ""d6e10239c4eb4b90b3cbb9ae1986907d"", ""autonym_script"": ""Ethiopia - English""}";BWU-ENN-GOW-KWO-U1_345ae20f-a56d-455a-a845-1f29270c3134;2026-09-25 00:00:31.102494+00
5ca6bc94-c4e9-4b7e-94e4-98238ac61071;BWU-ENN-GOW-KWO-U1;login;attempted;User attempted to continue login/registration;user_profile_screen;1790250335235;;"{""auth_type"": ""phone"", ""language_id"": ""d6e10239c4eb4b90b3cbb9ae1986907d"", ""autonym_script"": ""Ethiopia - English""}";BWU-ENN-GOW-KWO-U1_345ae20f-a56d-455a-a845-1f29270c3134;2026-09-25 00:00:31.102496+00
ec53e5fa-7ca3-400d-9c5a-d9ccf249563a;BWU-ENN-GOW-KWO-U1;login_failed;failed;Google SSO failed: Network Error;user_profile_screen;1790250342592;;"{""reason"": ""Network Error"", ""auth_type"": ""google"", ""language_id"": ""d6e10239c4eb4b90b3cbb9ae1986907d"", ""response_code"": ""null"", ""autonym_script"": ""Ethiopia - English""}";BWU-ENN-GOW-KWO-U1_345ae20f-a56d-455a-a845-1f29270c3134;2026-09-25 00:00:31.102498+00
7fc2012f-8897-497e-aef4-701216c123a7;BWU-ENN-GOW-KWO-U1;login;attempted;User attempted to continue login/registration;user_profile_screen;1790250344774;;"{""auth_type"": ""phone"", ""language_id"": ""d6e10239c4eb4b90b3cbb9ae1986907d"", ""autonym_script"": ""Ethiopia - English""}";BWU-ENN-GOW-KWO-U1_345ae20f-a56d-455a-a845-1f29270c3134;2026-09-25 00:00:31.102499+00
6f1efc7f-4cb6-42f7-8230-e56a1363da97;BWU-ENN-GOW-KWO-U1;login;attempted;User attempted to continue login/registration;user_profile_screen;1790250346554;;"{""auth_type"": ""phone"", ""language_id"": ""d6e10239c4eb4b90b3cbb9ae1986907d"", ""autonym_script"": ""Ethiopia - English""}";BWU-ENN-GOW-KWO-U1_345ae20f-a56d-455a-a845-1f29270c3134;2026-09-25 00:00:31.102501+00
f0d79fe0-d21f-4bf9-869b-6c0cda1138b0;BWU-ENN-GOW-KWO-U1;login;attempted;User attempted to continue login/registration;user_profile_screen;1790250352045;;"{""auth_type"": ""phone"", ""language_id"": ""d6e10239c4eb4b90b3cbb9ae1986907d"", ""autonym_script"": ""Ethiopia - English""}";BWU-ENN-GOW-KWO-U1_345ae20f-a56d-455a-a845-1f29270c3134;2026-09-25 00:00:31.102502+00
b2754630-69d2-434c-9b53-d30455a6ca92;BWU-ENN-GOW-KWO-U1;login;attempted;User attempted to continue login/registration;user_profile_screen;1790250353445;;"{""auth_type"": ""phone"", ""language_id"": ""d6e10239c4eb4b90b3cbb9ae1986907d"", ""autonym_script"": ""Ethiopia - English""}";BWU-ENN-GOW-KWO-U1_345ae20f-a56d-455a-a845-1f29270c3134;2026-09-25 00:00:31.102504+00
308124cb-3df2-4d15-a99f-8459abeb5cda;BWU-ENN-GOW-KWO-U1;login;attempted;User attempted to continue login/registration;user_profile_screen;1790251797213;;"{""auth_type"": ""phone"", ""language_id"": ""d6e10239c4eb4b90b3cbb9ae1986907d"", ""device_model"": ""SM-A055F"", ""autonym_script"": ""Ethiopia - English""}";BWU-ENN-GOW-KWO-U1_6a880c3d-09b2-4695-af27-719b16a7cd44;2026-09-25 00:00:31.145886+00
4210a439-a383-40d0-8afc-bcc46792f6c3;BWU-ENN-GOW-KWO-U1;login;attempted;User attempted to continue login/registration;user_profile_screen;1790251801441;;"{""auth_type"": ""phone"", ""language_id"": ""d6e10239c4eb4b90b3cbb9ae1986907d"", ""device_model"": ""SM-A055F"", ""autonym_script"": ""Ethiopia - English""}";BWU-ENN-GOW-KWO-U1_6a880c3d-09b2-4695-af27-719b16a7cd44;2026-09-25 00:00:31.145889+00
a6400063-625c-4fed-a49c-f15f32bdff58;BWU-FXC-FUO-TLW-U1;login;attempted;User attempted to continue login/registration;user_profile_screen;1790318603590;;"{""auth_type"": ""email"", ""language_id"": ""8a2ddf1bc349422892f5f4e9be2b92c5"", ""device_model"": ""M2102J20SI"", ""autonym_script"": ""Nepal - English""}";BWU-FXC-FUO-TLW-U1_de9a05fe-9451-4bec-abce-d5798eb56415;2026-09-25 12:00:14.633205+00
7ec614a0-5eb9-4219-8fd2-ee501f33f0f4;BWU-FXC-FUO-TLW-U1;otp_verification;verified;"User not found, proceeding to add profile";otp_verification_screen;1790318650170;;"{""language_id"": ""8a2ddf1bc349422892f5f4e9be2b92c5"", ""device_model"": ""M2102J20SI"", ""response_code"": ""1x409_USER_NOT_EXISTS"", ""autonym_script"": ""Nepal - English""}";BWU-FXC-FUO-TLW-U1_de9a05fe-9451-4bec-abce-d5798eb56415;2026-09-25 12:00:14.633208+00
664944c8-7bdd-44ca-b717-67fbf8b2d8a7;BWU-FXC-FUO-TLW-U1;profile_info;completed;User submitted profile details;add_profile_details_screen;1790318664053;;"{""auth_type"": ""email"", ""language_id"": ""8a2ddf1bc349422892f5f4e9be2b92c5"", ""device_model"": ""M2102J20SI"", ""autonym_script"": ""Nepal - English""}";BWU-FXC-FUO-TLW-U1_de9a05fe-9451-4bec-abce-d5798eb56415;2026-09-25 12:00:14.63321+00
71b7b064-38dc-4225-a7f8-ca23fb296e3c;BWU-FXC-FUO-TLW-U1;registration;registered;User successfully completed registration and set password;set_password_screen;1790318676817;;"{""language_id"": ""8a2ddf1bc349422892f5f4e9be2b92c5"", ""device_model"": ""M2102J20SI"", ""response_code"": ""0x209_PASSWORD_CHANGED"", ""autonym_script"": ""Nepal - English""}";BWU-FXC-FUO-TLW-U1_de9a05fe-9451-4bec-abce-d5798eb56415;2026-09-25 12:00:14.633212+00
67acfbe6-1fe8-453b-a258-8cbbe6f1b5d1;BWU-HNR-NYQ-CYX-U1;login;attempted;User attempted to continue login/registration;user_profile_screen;1790408566466;;"{""auth_type"": ""email"", ""language_id"": ""289c0715e027451abc8edfdb361119bf"", ""autonym_script"": ""English""}";BWU-HNR-NYQ-CYX-U1_c9c5c6ea-b864-46ec-9ed8-0ededd659f38;2026-09-26 12:00:21.287399+00
"02d33b00-0c23-4b51-a95e-ba4f593f6342";BWU-KUP-TCR-APT-U1;login;attempted;User attempted to continue login/registration;user_profile_screen;1790584924520;;"{""auth_type"": ""email"", ""language_id"": ""cca954e8-6c14-6924-6990-010cd19c7919"", ""device_model"": ""M2102J20SI""}";BWU-KUP-TCR-APT-U1_b57138d7-d456-435d-b8be-09cc3e26258a;2026-09-28 12:00:16.962995+00
8db9d040-e88a-43f9-8470-322431c08aeb;BWU-KUP-TCR-APT-U1;login;attempted;User attempted to continue login/registration;user_profile_screen;1790585044135;;"{""auth_type"": ""email"", ""language_id"": ""cca954e8-6c14-6924-6990-010cd19c7919"", ""device_model"": ""M2102J20SI""}";BWU-KUP-TCR-APT-U1_b57138d7-d456-435d-b8be-09cc3e26258a;2026-09-28 12:00:16.962999+00
