id;profile_id;event_type;description;screen_name;event_timestamp;language_id;autonym_script;resource_id;resource_type;resource_title;event_value;extra;source_file;ingested_at
9e7e659e-a26f-42b9-ae9a-450825cd0a14;BWU-DHU-QUH-LOB-U1;selected;User selected category: Maternal health;my_learning_landing_screen;1790216452518;289c0715e027451abc8edfdb361119bf;English;"01646fb7ef974170b0f900a6440393f5";category;Maternal health;;;BWU-DHU-QUH-LOB-U1_a7a728e0-dd21-4582-a56c-eb937b8b4e1c;2026-09-24 12:00:06.961273+00
"042bd146-ed7b-4fb2-9b3b-ed1e8023d390";BWU-DHU-QUH-LOB-U1;viewed;User viewed MyLearning Category Screen for category 01646fb7ef974170b0f900a6440393f5;category_modules_screen;1790216452519;289c0715e027451abc8edfdb361119bf;English;"01646fb7ef974170b0f900a6440393f5";category;Maternal health;;;BWU-DHU-QUH-LOB-U1_a7a728e0-dd21-4582-a56c-eb937b8b4e1c;2026-09-24 12:00:06.961277+00
"00d1c689-ada6-4adb-9546-9bbc8cc1096a";BWU-DHU-QUH-LOB-U1;selected;User selected module b76949299b594d10b3a5843d129bfddb;category_modules_screen;1790216470298;289c0715e027451abc8edfdb361119bf;English;b76949299b594d10b3a5843d129bfddb;module;Normal Labour and Birth;;;BWU-DHU-QUH-LOB-U1_a7a728e0-dd21-4582-a56c-eb937b8b4e1c;2026-09-24 12:00:06.96128+00
cab5e35e-72da-4a27-ad11-7163790fc4d2;BWU-ENN-GOW-KWO-U1;selected;User selected module: Manual Removal of Placenta;category_modules_screen;1790251469228;d6e10239c4eb4b90b3cbb9ae1986907d;Ethiopia - English;ef66b7cb265248608f4aaa872f60f1bc;module;Manual Removal of Placenta;;"{""device_model"": ""SM-A055F""}";BWU-ENN-GOW-KWO-U1_6a880c3d-09b2-4695-af27-719b16a7cd44;2026-09-25 00:00:31.148569+00
b9e19e2b-3ef5-4a56-b379-4cc9d7970fdc;BWU-ENN-GOW-KWO-U1;viewed;Failed downloading videos;module_detail_screen;1790251488085;d6e10239c4eb4b90b3cbb9ae1986907d;Ethiopia - English;ed110600d5684274b58984bb1840669c;category;Pregnancy and birth complications;;"{""error"": ""\""All downloads failed for task global\"""", ""device_model"": ""SM-A055F""}";BWU-ENN-GOW-KWO-U1_6a880c3d-09b2-4695-af27-719b16a7cd44;2026-09-25 00:00:31.148572+00
6f6fbb75-f1a7-4587-be10-827ed6e42280;BWU-ENN-GOW-KWO-U1;viewed;Failed downloading videos;module_detail_screen;1790251509680;d6e10239c4eb4b90b3cbb9ae1986907d;Ethiopia - English;ed110600d5684274b58984bb1840669c;category;Pregnancy and birth complications;;"{""error"": ""\""All downloads failed for task global\"""", ""device_model"": ""SM-A055F""}";BWU-ENN-GOW-KWO-U1_6a880c3d-09b2-4695-af27-719b16a7cd44;2026-09-25 00:00:31.148574+00
f38d4e9f-a273-464e-9e96-369b66574f1d;BWU-ENN-GOW-KWO-U1;viewed;Failed downloading videos;module_detail_screen;1790251538188;d6e10239c4eb4b90b3cbb9ae1986907d;Ethiopia - English;ed110600d5684274b58984bb1840669c;category;Pregnancy and birth complications;;"{""error"": ""\""All downloads failed for task global\"""", ""device_model"": ""SM-A055F""}";BWU-ENN-GOW-KWO-U1_6a880c3d-09b2-4695-af27-719b16a7cd44;2026-09-25 00:00:31.148576+00
32e2fb93-2c73-4fe7-8855-ea1841ba2d65;BWU-ENN-GOW-KWO-U1;viewed;Failed downloading videos;module_detail_screen;1790251561147;d6e10239c4eb4b90b3cbb9ae1986907d;Ethiopia - English;ed110600d5684274b58984bb1840669c;category;Pregnancy and birth complications;;"{""error"": ""\""All downloads failed for task global\"""", ""device_model"": ""SM-A055F""}";BWU-ENN-GOW-KWO-U1_6a880c3d-09b2-4695-af27-719b16a7cd44;2026-09-25 00:00:31.148577+00
ef924e80-acf5-4d79-a999-9457c4eff58c;BWU-ENN-GOW-KWO-U1;viewed;Failed downloading videos;module_detail_screen;1790251611822;d6e10239c4eb4b90b3cbb9ae1986907d;Ethiopia - English;ed110600d5684274b58984bb1840669c;category;Pregnancy and birth complications;;"{""error"": ""\""All downloads failed for task global\"""", ""device_model"": ""SM-A055F""}";BWU-ENN-GOW-KWO-U1_6a880c3d-09b2-4695-af27-719b16a7cd44;2026-09-25 00:00:31.148579+00
96246a74-54a2-473d-a135-f54f42a61786;BWU-ENN-GOW-KWO-U1;selected;User selected module: Hypertensive Disorders in Pregnancy ;category_modules_screen;1790251684072;d6e10239c4eb4b90b3cbb9ae1986907d;Ethiopia - English;d5a9875f44ad4354b991a32918486990;module;Hypertension;;"{""device_model"": ""SM-A055F""}";BWU-ENN-GOW-KWO-U1_6a880c3d-09b2-4695-af27-719b16a7cd44;2026-09-25 00:00:31.14858+00
"05f63c52-3367-4745-a60e-942a1833528d";BWU-ENN-GOW-KWO-U1;selected;User selected module: Post Partum Haemorrhage;category_modules_screen;1790251765312;d6e10239c4eb4b90b3cbb9ae1986907d;Ethiopia - English;beaa190c4ab34289a5aa34731ba57404;module;Post Partum Hemorrhage;;"{""device_model"": ""SM-A055F""}";BWU-ENN-GOW-KWO-U1_6a880c3d-09b2-4695-af27-719b16a7cd44;2026-09-25 00:00:31.148582+00
1f7c4b3d-517d-42fe-b279-b667d60823d0;BWU-ENN-GOW-KWO-U1;viewed;Failed downloading videos;module_detail_screen;1790251801607;d6e10239c4eb4b90b3cbb9ae1986907d;Ethiopia - English;ed110600d5684274b58984bb1840669c;category;Pregnancy and birth complications;;"{""error"": ""\""All downloads failed for task global\"""", ""device_model"": ""SM-A055F""}";BWU-ENN-GOW-KWO-U1_6a880c3d-09b2-4695-af27-719b16a7cd44;2026-09-25 00:00:31.148584+00
537cd378-4fb1-4f90-b6cc-2722eb6693db;BWU-ENN-GOW-KWO-U1;selected;User selected module: Prolonged Labour;category_modules_screen;1790254071775;d6e10239c4eb4b90b3cbb9ae1986907d;Ethiopia - English;41622531b7874f608c1451fbb803248a;module;Prolonged Labour;;"{""device_model"": ""SM-A055F""}";BWU-ENN-GOW-KWO-U1_dfb2a6a4-f258-4b10-b85a-379ad2185f88;2026-09-26 00:00:09.432616+00
91c1d70b-8777-41b2-99ad-84fa7a5f7685;BWU-KUP-TCR-APT-U1;selected;User selected category: Sexual & reproductive health;my_learning_landing_screen;1790585187231;cca954e8-6c14-6924-6990-010cd19c7919;;62a01defb531422fac519bcd0af99ff0;category;Sexual & reproductive health;;"{""device_model"": ""M2102J20SI""}";BWU-KUP-TCR-APT-U1_b57138d7-d456-435d-b8be-09cc3e26258a;2026-09-28 12:00:16.964186+00
"034d19ae-0d14-43ba-8a12-01e24af73cb5";BWU-KUP-TCR-APT-U1;viewed;User viewed MyLearning Category Screen for category 62a01defb531422fac519bcd0af99ff0;category_modules_screen;1790585187232;cca954e8-6c14-6924-6990-010cd19c7919;;62a01defb531422fac519bcd0af99ff0;category;Sexual & reproductive health;;"{""device_model"": ""M2102J20SI""}";BWU-KUP-TCR-APT-U1_b57138d7-d456-435d-b8be-09cc3e26258a;2026-09-28 12:00:16.96419+00
89199e85-97d2-487f-9c7e-b477217cd249;BWU-KUP-TCR-APT-U1;selected;User selected module 35bfebcc72124e8391567e503698aba4;category_modules_screen;1790585190831;cca954e8-6c14-6924-6990-010cd19c7919;;35bfebcc72124e8391567e503698aba4;module;Female Genital Mutilation;;"{""device_model"": ""M2102J20SI""}";BWU-KUP-TCR-APT-U1_b57138d7-d456-435d-b8be-09cc3e26258a;2026-09-28 12:00:16.964192+00
d178d08e-2d72-48ce-bcc9-eff57343b44a;BWU-KUP-TCR-APT-U1;selected;User selected module 5a13d97dd4ed4574b94e3d91b22091d3;category_modules_screen;1790585194136;cca954e8-6c14-6924-6990-010cd19c7919;;5a13d97dd4ed4574b94e3d91b22091d3;module;Safe Abortion;;"{""device_model"": ""M2102J20SI""}";BWU-KUP-TCR-APT-U1_b57138d7-d456-435d-b8be-09cc3e26258a;2026-09-28 12:00:16.964195+00
f613a374-c2c9-454a-ba45-c91565641d3a;BWU-KUP-TCR-APT-U1;interacted;User collapsed the progress section;my_learning_landing_screen;1790585203465;cca954e8-6c14-6924-6990-010cd19c7919;;;;;;"{""device_model"": ""M2102J20SI""}";BWU-KUP-TCR-APT-U1_b57138d7-d456-435d-b8be-09cc3e26258a;2026-09-28 12:00:16.964197+00
1c41d3ce-2ace-4e10-a813-c34e8c7d1ccc;BWU-KUP-TCR-APT-U1;interacted;User expanded the progress section;my_learning_landing_screen;1790585204304;cca954e8-6c14-6924-6990-010cd19c7919;;;;;;"{""device_model"": ""M2102J20SI""}";BWU-KUP-TCR-APT-U1_b57138d7-d456-435d-b8be-09cc3e26258a;2026-09-28 12:00:16.964198+00
