id;profile_id;event_type;description;screen_name;event_timestamp;file_count;module_id;module_title;category_id;category_title;language_id;autonym_script;extra;source_file;ingested_at
a728cdad-d2db-4711-8a89-27a118c25a33;BWU-ENN-GOW-KWO-U1;downloaded;User initiated module video download;module_detail_screen;1790251475214;;ef66b7cb265248608f4aaa872f60f1bc;Manual Removal of Placenta;ed110600d5684274b58984bb1840669c;Pregnancy and birth complications;d6e10239c4eb4b90b3cbb9ae1986907d;Ethiopia - English;"{""device_model"": ""SM-A055F""}";BWU-ENN-GOW-KWO-U1_6a880c3d-09b2-4695-af27-719b16a7cd44;2026-09-25 00:00:31.150856+00
ae7ec545-53de-4c95-9551-56a32ff3e228;BWU-ENN-GOW-KWO-U1;started;Started downloading 8 videos;module_detail_screen;1790251475228;8;ef66b7cb265248608f4aaa872f60f1bc;Manual Removal of Placenta;ed110600d5684274b58984bb1840669c;Pregnancy and birth complications;d6e10239c4eb4b90b3cbb9ae1986907d;Ethiopia - English;"{""step"": ""start"", ""device_model"": ""SM-A055F""}";BWU-ENN-GOW-KWO-U1_6a880c3d-09b2-4695-af27-719b16a7cd44;2026-09-25 00:00:31.15086+00
b31272eb-d33c-446e-b6ad-594caeed65fb;BWU-ENN-GOW-KWO-U1;downloaded;User initiated module video download;module_detail_screen;1790251489643;;ef66b7cb265248608f4aaa872f60f1bc;Manual Removal of Placenta;ed110600d5684274b58984bb1840669c;Pregnancy and birth complications;d6e10239c4eb4b90b3cbb9ae1986907d;Ethiopia - English;"{""device_model"": ""SM-A055F""}";BWU-ENN-GOW-KWO-U1_6a880c3d-09b2-4695-af27-719b16a7cd44;2026-09-25 00:00:31.150862+00
849f63de-6e10-4f9e-8960-d4ba2221c810;BWU-ENN-GOW-KWO-U1;started;Started downloading 8 videos;module_detail_screen;1790251489655;8;ef66b7cb265248608f4aaa872f60f1bc;Manual Removal of Placenta;ed110600d5684274b58984bb1840669c;Pregnancy and birth complications;d6e10239c4eb4b90b3cbb9ae1986907d;Ethiopia - English;"{""step"": ""start"", ""device_model"": ""SM-A055F""}";BWU-ENN-GOW-KWO-U1_6a880c3d-09b2-4695-af27-719b16a7cd44;2026-09-25 00:00:31.150863+00
adb3e03c-c709-4dcd-83d2-0dd1f5c181bf;BWU-ENN-GOW-KWO-U1;downloaded;User initiated module video download;module_detail_screen;1790251518139;;ef66b7cb265248608f4aaa872f60f1bc;Manual Removal of Placenta;ed110600d5684274b58984bb1840669c;Pregnancy and birth complications;d6e10239c4eb4b90b3cbb9ae1986907d;Ethiopia - English;"{""device_model"": ""SM-A055F""}";BWU-ENN-GOW-KWO-U1_6a880c3d-09b2-4695-af27-719b16a7cd44;2026-09-25 00:00:31.150865+00
58492080-ab96-4ef2-8d20-5f7dc4e28281;BWU-ENN-GOW-KWO-U1;started;Started downloading 8 videos;module_detail_screen;1790251518151;8;ef66b7cb265248608f4aaa872f60f1bc;Manual Removal of Placenta;ed110600d5684274b58984bb1840669c;Pregnancy and birth complications;d6e10239c4eb4b90b3cbb9ae1986907d;Ethiopia - English;"{""step"": ""start"", ""device_model"": ""SM-A055F""}";BWU-ENN-GOW-KWO-U1_6a880c3d-09b2-4695-af27-719b16a7cd44;2026-09-25 00:00:31.150867+00
d5d430cc-3a23-434e-8997-2e54a3e093d1;BWU-ENN-GOW-KWO-U1;downloaded;User initiated module video download;module_detail_screen;1790251540683;;ef66b7cb265248608f4aaa872f60f1bc;Manual Removal of Placenta;ed110600d5684274b58984bb1840669c;Pregnancy and birth complications;d6e10239c4eb4b90b3cbb9ae1986907d;Ethiopia - English;"{""device_model"": ""SM-A055F""}";BWU-ENN-GOW-KWO-U1_6a880c3d-09b2-4695-af27-719b16a7cd44;2026-09-25 00:00:31.150869+00
8942d51b-c527-418f-a991-043381273e75;BWU-ENN-GOW-KWO-U1;started;Started downloading 8 videos;module_detail_screen;1790251540695;8;ef66b7cb265248608f4aaa872f60f1bc;Manual Removal of Placenta;ed110600d5684274b58984bb1840669c;Pregnancy and birth complications;d6e10239c4eb4b90b3cbb9ae1986907d;Ethiopia - English;"{""step"": ""start"", ""device_model"": ""SM-A055F""}";BWU-ENN-GOW-KWO-U1_6a880c3d-09b2-4695-af27-719b16a7cd44;2026-09-25 00:00:31.15087+00
31dc98ca-4eba-4013-83f1-9baf75a7164e;BWU-ENN-GOW-KWO-U1;downloaded;User initiated module video download;module_detail_screen;1790251591710;;ef66b7cb265248608f4aaa872f60f1bc;Manual Removal of Placenta;ed110600d5684274b58984bb1840669c;Pregnancy and birth complications;d6e10239c4eb4b90b3cbb9ae1986907d;Ethiopia - English;"{""device_model"": ""SM-A055F""}";BWU-ENN-GOW-KWO-U1_6a880c3d-09b2-4695-af27-719b16a7cd44;2026-09-25 00:00:31.150872+00
ff8befb3-ba5e-408f-8785-03d1662db7cc;BWU-ENN-GOW-KWO-U1;started;Started downloading 8 videos;module_detail_screen;1790251591721;8;ef66b7cb265248608f4aaa872f60f1bc;Manual Removal of Placenta;ed110600d5684274b58984bb1840669c;Pregnancy and birth complications;d6e10239c4eb4b90b3cbb9ae1986907d;Ethiopia - English;"{""step"": ""start"", ""device_model"": ""SM-A055F""}";BWU-ENN-GOW-KWO-U1_6a880c3d-09b2-4695-af27-719b16a7cd44;2026-09-25 00:00:31.150874+00
60a602e1-4855-4e90-b749-634d2426e59c;BWU-ENN-GOW-KWO-U1;downloaded;User initiated module video download;module_detail_screen;1790251769755;;beaa190c4ab34289a5aa34731ba57404;Post Partum Hemorrhage;ed110600d5684274b58984bb1840669c;Pregnancy and birth complications;d6e10239c4eb4b90b3cbb9ae1986907d;Ethiopia - English;"{""device_model"": ""SM-A055F""}";BWU-ENN-GOW-KWO-U1_6a880c3d-09b2-4695-af27-719b16a7cd44;2026-09-25 00:00:31.150876+00
ba300f82-f535-4fb0-b27e-d32201a4a47b;BWU-ENN-GOW-KWO-U1;started;Started downloading 10 videos;module_detail_screen;1790251769764;10;beaa190c4ab34289a5aa34731ba57404;Post Partum Hemorrhage;ed110600d5684274b58984bb1840669c;Pregnancy and birth complications;d6e10239c4eb4b90b3cbb9ae1986907d;Ethiopia - English;"{""step"": ""start"", ""device_model"": ""SM-A055F""}";BWU-ENN-GOW-KWO-U1_6a880c3d-09b2-4695-af27-719b16a7cd44;2026-09-25 00:00:31.150877+00
1850931b-183b-4bb4-8371-dcc316623d78;BWU-ENN-GOW-KWO-U1;downloaded;User initiated module video download;module_detail_screen;1790254078666;;41622531b7874f608c1451fbb803248a;Prolonged Labour;ed110600d5684274b58984bb1840669c;Pregnancy and birth complications;d6e10239c4eb4b90b3cbb9ae1986907d;Ethiopia - English;"{""device_model"": ""SM-A055F""}";BWU-ENN-GOW-KWO-U1_dfb2a6a4-f258-4b10-b85a-379ad2185f88;2026-09-26 00:00:09.434633+00
ceb5591d-7876-437f-841a-1da1fcbd2fd3;BWU-ENN-GOW-KWO-U1;started;Started downloading 6 videos;module_detail_screen;1790254078681;6;41622531b7874f608c1451fbb803248a;Prolonged Labour;ed110600d5684274b58984bb1840669c;Pregnancy and birth complications;d6e10239c4eb4b90b3cbb9ae1986907d;Ethiopia - English;"{""step"": ""start"", ""device_model"": ""SM-A055F""}";BWU-ENN-GOW-KWO-U1_dfb2a6a4-f258-4b10-b85a-379ad2185f88;2026-09-26 00:00:09.434637+00
