id;profile_id;event_type;description;screen_name;event_timestamp;status;category_id;category_title;selected_categories;selected_category_titles;total_selected;total_download_size_mb;language_id;autonym_script;extra;source_file;ingested_at
ce113c06-e184-43c5-946e-0810823874ff;BWT-WIF-ABW-LAY-U1;selected;User unselected all categories;category_list_screen;1789798729629;selected;;;[];[];;;d6e10239c4eb4b90b3cbb9ae1986907d;Ethiopia - English;"{""value"": ""unselect_all"", ""device_model"": ""RMX3842""}";BWT-WIF-ABW-LAY-U1_4458b253-6c56-440e-83ff-0643df7a47ab;2026-09-19 06:20:31.315653+00
7d7b3e42-7763-4a7b-95cd-71422612f362;BWT-WIF-ABW-LAY-U1;selected;User toggled category selection;category_list_screen;1789798730551;selected;abf81a15fb88476f8404fa2b7df29356;Infection prevention;"[""abf81a15fb88476f8404fa2b7df29356""]";"[""Infection prevention""]";;;d6e10239c4eb4b90b3cbb9ae1986907d;Ethiopia - English;"{""device_model"": ""RMX3842""}";BWT-WIF-ABW-LAY-U1_4458b253-6c56-440e-83ff-0643df7a47ab;2026-09-19 06:20:31.315657+00
c3b47e11-36d1-4da9-abff-78eae317f692;BWT-WIF-ABW-LAY-U1;downloaded;User pressed Download for selected categories;category_list_screen;1789798731864;completed;;;"[""abf81a15fb88476f8404fa2b7df29356""]";"[""Infection prevention""]";1;6.61;d6e10239c4eb4b90b3cbb9ae1986907d;Ethiopia - English;"{""device_model"": ""RMX3842""}";BWT-WIF-ABW-LAY-U1_4458b253-6c56-440e-83ff-0643df7a47ab;2026-09-19 06:20:31.315659+00
58debbed-3af6-4610-9add-0588d996ffd1;BWT-YQA-NMG-OIO-U1;selected;User unselected all categories;category_list_screen;1789923696200;selected;;;[];[];;;289c0715e027451abc8edfdb361119bf;English;"{""value"": ""unselect_all"", ""device_model"": ""Android SDK built for x86""}";BWT-YQA-NMG-OIO-U1_f2afee9c-c09a-4b3c-9a83-a8fc8ded1610;2026-09-21 00:00:07.70485+00
"0de33ab6-e69f-4082-a505-dd866b2c5608";BWT-YQA-NMG-OIO-U1;selected;User toggled category selection;category_list_screen;1789923697807;selected;3dec104759a745ddb0b110d59a0397a6;Newborn health;"[""3dec104759a745ddb0b110d59a0397a6""]";"[""Newborn health""]";;;289c0715e027451abc8edfdb361119bf;English;"{""device_model"": ""Android SDK built for x86""}";BWT-YQA-NMG-OIO-U1_f2afee9c-c09a-4b3c-9a83-a8fc8ded1610;2026-09-21 00:00:07.704854+00
7cc4c788-2d99-44be-b0a5-e7c93e5f8e03;BWT-YQA-NMG-OIO-U1;selected;User toggled category selection;category_list_screen;1789923700722;selected;3dec104759a745ddb0b110d59a0397a6;Newborn health;[];[];;;289c0715e027451abc8edfdb361119bf;English;"{""device_model"": ""Android SDK built for x86""}";BWT-YQA-NMG-OIO-U1_f2afee9c-c09a-4b3c-9a83-a8fc8ded1610;2026-09-21 00:00:07.704856+00
187dba82-9647-4e8c-8c6c-99510516d0b6;BWT-YQA-NMG-OIO-U1;selected;User toggled category selection;category_list_screen;1789923702431;selected;abf81a15fb88476f8404fa2b7df29356;Infection prevention;"[""abf81a15fb88476f8404fa2b7df29356""]";"[""Infection prevention""]";;;289c0715e027451abc8edfdb361119bf;English;"{""device_model"": ""Android SDK built for x86""}";BWT-YQA-NMG-OIO-U1_f2afee9c-c09a-4b3c-9a83-a8fc8ded1610;2026-09-21 00:00:07.704858+00
78810823-c708-4f30-9e9b-6b2e918551a9;BWT-YQA-NMG-OIO-U1;downloaded;User pressed Download for selected categories;category_list_screen;1789923704449;completed;;;"[""abf81a15fb88476f8404fa2b7df29356""]";"[""Infection prevention""]";1;22.11;289c0715e027451abc8edfdb361119bf;English;"{""device_model"": ""Android SDK built for x86""}";BWT-YQA-NMG-OIO-U1_f2afee9c-c09a-4b3c-9a83-a8fc8ded1610;2026-09-21 00:00:07.704859+00
62db1031-4172-4210-944d-f5cb6d7ed691;BWT-ZQP-UCW-SRJ-U1;downloaded;User pressed Download for selected categories;category_list_screen;1789979227295;completed;;;"[""01646fb7ef974170b0f900a6440393f5"", ""3dec104759a745ddb0b110d59a0397a6"", ""62a01defb531422fac519bcd0af99ff0"", ""abf81a15fb88476f8404fa2b7df29356"", ""ed110600d5684274b58984bb1840669c""]";"[""Maternal health"", ""Newborn health"", ""Sexual & reproductive health"", ""Infection prevention"", ""Pregnancy and birth complications""]";5;79.24;7b5c6d2548de4ec7a84335c592c2d05b;Bangladesh - Bangla;;BWT-ZQP-UCW-SRJ-U1_69e74c2a-6509-4022-9630-4be607976d14;2026-09-21 12:00:09.186498+00
7db8dbf3-1741-4aa6-95aa-159f455fbc25;BWT-ZQP-VEP-RZQ-U1;selected;User toggled category selection;category_list_screen;1789979429791;selected;ed110600d5684274b58984bb1840669c;Pregnancy and birth complications;"[""01646fb7ef974170b0f900a6440393f5"", ""3dec104759a745ddb0b110d59a0397a6"", ""62a01defb531422fac519bcd0af99ff0"", ""abf81a15fb88476f8404fa2b7df29356""]";"[""Maternal health"", ""Newborn health"", ""Sexual & reproductive health"", ""Infection prevention""]";;;47d3527babd24e5594eec3fa42b681e0;Ethiopia - Afaan Oromo;;BWT-ZQP-VEP-RZQ-U1_e0f9c67b-4b1a-4c5c-9140-ab9bbd635d0c;2026-09-21 12:00:09.233214+00
3ba9ae2e-c9fb-47d6-af70-c93b70dc907d;BWT-ZQP-VEP-RZQ-U1;selected;User toggled category selection;category_list_screen;1789979433089;selected;"01646fb7ef974170b0f900a6440393f5";Maternal health;"[""3dec104759a745ddb0b110d59a0397a6"", ""62a01defb531422fac519bcd0af99ff0"", ""abf81a15fb88476f8404fa2b7df29356""]";"[""Newborn health"", ""Sexual & reproductive health"", ""Infection prevention""]";;;47d3527babd24e5594eec3fa42b681e0;Ethiopia - Afaan Oromo;;BWT-ZQP-VEP-RZQ-U1_e0f9c67b-4b1a-4c5c-9140-ab9bbd635d0c;2026-09-21 12:00:09.233217+00
406207d1-c20b-49cf-83bf-80ef131414bb;BWT-ZQP-VEP-RZQ-U1;selected;User toggled category selection;category_list_screen;1789979439343;selected;"01646fb7ef974170b0f900a6440393f5";Maternal health;"[""3dec104759a745ddb0b110d59a0397a6"", ""62a01defb531422fac519bcd0af99ff0"", ""abf81a15fb88476f8404fa2b7df29356"", ""01646fb7ef974170b0f900a6440393f5""]";"[""Newborn health"", ""Sexual & reproductive health"", ""Infection prevention"", ""Maternal health""]";;;47d3527babd24e5594eec3fa42b681e0;Ethiopia - Afaan Oromo;;BWT-ZQP-VEP-RZQ-U1_e0f9c67b-4b1a-4c5c-9140-ab9bbd635d0c;2026-09-21 12:00:09.233219+00
5a67ecb4-7a45-4c91-a2a2-29063fe4415a;BWT-ZQP-VEP-RZQ-U1;selected;User toggled category selection;category_list_screen;1789979445837;selected;abf81a15fb88476f8404fa2b7df29356;Infection prevention;"[""3dec104759a745ddb0b110d59a0397a6"", ""62a01defb531422fac519bcd0af99ff0"", ""01646fb7ef974170b0f900a6440393f5""]";"[""Newborn health"", ""Sexual & reproductive health"", ""Maternal health""]";;;47d3527babd24e5594eec3fa42b681e0;Ethiopia - Afaan Oromo;;BWT-ZQP-VEP-RZQ-U1_e0f9c67b-4b1a-4c5c-9140-ab9bbd635d0c;2026-09-21 12:00:09.233221+00
8d189826-d5c3-41ee-805e-ca6f81ebf50e;BWT-ZQP-VEP-RZQ-U1;selected;User toggled category selection;category_list_screen;1789979456068;selected;ed110600d5684274b58984bb1840669c;Pregnancy and birth complications;"[""3dec104759a745ddb0b110d59a0397a6"", ""62a01defb531422fac519bcd0af99ff0"", ""01646fb7ef974170b0f900a6440393f5"", ""ed110600d5684274b58984bb1840669c""]";"[""Newborn health"", ""Sexual & reproductive health"", ""Maternal health"", ""Pregnancy and birth complications""]";;;47d3527babd24e5594eec3fa42b681e0;Ethiopia - Afaan Oromo;;BWT-ZQP-VEP-RZQ-U1_e0f9c67b-4b1a-4c5c-9140-ab9bbd635d0c;2026-09-21 12:00:09.233223+00
8798d822-86b2-4417-b98d-318dc4aaf9f9;BWT-ZQP-YKS-ITJ-U1;downloaded;User pressed Download for selected categories;category_list_screen;1789979443971;completed;;;"[""01646fb7ef974170b0f900a6440393f5"", ""3dec104759a745ddb0b110d59a0397a6"", ""62a01defb531422fac519bcd0af99ff0"", ""abf81a15fb88476f8404fa2b7df29356"", ""ed110600d5684274b58984bb1840669c""]";"[""Maternal health"", ""Newborn health"", ""Sexual & reproductive health"", ""Infection prevention"", ""Pregnancy and birth complications""]";5;201.43;bd7c3bea339c467f880a8bca6d2ef2c1;Portuguese;;BWT-ZQP-YKS-ITJ-U1_4086330b-4e31-4955-8360-ec3ec0567e9a;2026-09-21 12:00:09.277685+00
1a6f6671-34a7-42e5-a383-6ef39a3f74a6;BWT-ZQU-NAR-GIA-U1;selected;User toggled category selection;category_list_screen;1789979558736;selected;abf81a15fb88476f8404fa2b7df29356;Infection prevention;"[""01646fb7ef974170b0f900a6440393f5"", ""3dec104759a745ddb0b110d59a0397a6"", ""62a01defb531422fac519bcd0af99ff0"", ""ed110600d5684274b58984bb1840669c""]";"[""Maternal health"", ""Newborn health"", ""Sexual & reproductive health"", ""Pregnancy and birth complications""]";;;7b5c6d2548de4ec7a84335c592c2d05b;Bangladesh - Bangla;;BWT-ZQU-NAR-GIA-U1_4cfe1258-20f8-4eda-b254-ffc0973565ea;2026-09-21 12:00:09.780322+00
53f6069d-bdda-4467-810d-a5df2f7fd8f8;BWT-ZQU-NAR-GIA-U1;selected;User selected all categories;category_list_screen;1789979560448;selected;;;"[""01646fb7ef974170b0f900a6440393f5"", ""3dec104759a745ddb0b110d59a0397a6"", ""62a01defb531422fac519bcd0af99ff0"", ""abf81a15fb88476f8404fa2b7df29356"", ""ed110600d5684274b58984bb1840669c""]";"[""Maternal health"", ""Newborn health"", ""Sexual & reproductive health"", ""Infection prevention"", ""Pregnancy and birth complications""]";;;7b5c6d2548de4ec7a84335c592c2d05b;Bangladesh - Bangla;"{""value"": ""select_all""}";BWT-ZQU-NAR-GIA-U1_4cfe1258-20f8-4eda-b254-ffc0973565ea;2026-09-21 12:00:09.781166+00
a98a69cf-f6b5-49e4-8f46-5b2bcbd3ff75;BWT-ZQU-NAR-GIA-U1;selected;User toggled category selection;category_list_screen;1789979562912;selected;ed110600d5684274b58984bb1840669c;Pregnancy and birth complications;"[""01646fb7ef974170b0f900a6440393f5"", ""3dec104759a745ddb0b110d59a0397a6"", ""62a01defb531422fac519bcd0af99ff0"", ""abf81a15fb88476f8404fa2b7df29356""]";"[""Maternal health"", ""Newborn health"", ""Sexual & reproductive health"", ""Infection prevention""]";;;7b5c6d2548de4ec7a84335c592c2d05b;Bangladesh - Bangla;;BWT-ZQU-NAR-GIA-U1_4cfe1258-20f8-4eda-b254-ffc0973565ea;2026-09-21 12:00:09.781646+00
c01fa2ee-a81c-4280-9011-728e1be594b8;BWT-ZQU-NAR-GIA-U1;selected;User selected all categories;category_list_screen;1789979566444;selected;;;"[""01646fb7ef974170b0f900a6440393f5"", ""3dec104759a745ddb0b110d59a0397a6"", ""62a01defb531422fac519bcd0af99ff0"", ""abf81a15fb88476f8404fa2b7df29356"", ""ed110600d5684274b58984bb1840669c""]";"[""Maternal health"", ""Newborn health"", ""Sexual & reproductive health"", ""Infection prevention"", ""Pregnancy and birth complications""]";;;7b5c6d2548de4ec7a84335c592c2d05b;Bangladesh - Bangla;"{""value"": ""select_all""}";BWT-ZQU-NAR-GIA-U1_4cfe1258-20f8-4eda-b254-ffc0973565ea;2026-09-21 12:00:09.782214+00
8531b163-1bae-40d4-bb30-122821f41da9;BWT-ZQU-NAR-GIA-U1;selected;User unselected all categories;category_list_screen;1789979573556;selected;;;[];[];;;7b5c6d2548de4ec7a84335c592c2d05b;Bangladesh - Bangla;"{""value"": ""unselect_all""}";BWT-ZQU-NAR-GIA-U1_4cfe1258-20f8-4eda-b254-ffc0973565ea;2026-09-21 12:00:09.782217+00
c9353f74-341d-4aa1-90a2-4d2c20465aa3;BWT-ZQU-NAR-GIA-U1;selected;User selected all categories;category_list_screen;1789979580985;selected;;;"[""01646fb7ef974170b0f900a6440393f5"", ""3dec104759a745ddb0b110d59a0397a6"", ""62a01defb531422fac519bcd0af99ff0"", ""abf81a15fb88476f8404fa2b7df29356"", ""ed110600d5684274b58984bb1840669c""]";"[""Maternal health"", ""Newborn health"", ""Sexual & reproductive health"", ""Infection prevention"", ""Pregnancy and birth complications""]";;;7b5c6d2548de4ec7a84335c592c2d05b;Bangladesh - Bangla;"{""value"": ""select_all""}";BWT-ZQU-NAR-GIA-U1_4cfe1258-20f8-4eda-b254-ffc0973565ea;2026-09-21 12:00:09.782219+00
2399838f-6089-4196-8c58-c5e4d2ecffd4;BWT-ZQU-NAR-GIA-U1;selected;User unselected all categories;category_list_screen;1789979584586;selected;;;[];[];;;7b5c6d2548de4ec7a84335c592c2d05b;Bangladesh - Bangla;"{""value"": ""unselect_all""}";BWT-ZQU-NAR-GIA-U1_4cfe1258-20f8-4eda-b254-ffc0973565ea;2026-09-21 12:00:09.782221+00
4fe3aab4-c022-462f-bf14-9e30dcda3e4d;BWT-ZQU-NAR-GIA-U1;selected;User toggled category selection;category_list_screen;1789979587402;selected;62a01defb531422fac519bcd0af99ff0;Sexual & reproductive health;"[""62a01defb531422fac519bcd0af99ff0""]";"[""Sexual & reproductive health""]";;;7b5c6d2548de4ec7a84335c592c2d05b;Bangladesh - Bangla;;BWT-ZQU-NAR-GIA-U1_4cfe1258-20f8-4eda-b254-ffc0973565ea;2026-09-21 12:00:09.78286+00
69a9a3bc-816e-4eb7-9a0c-5a5f7d891b0b;BWT-ZQU-NAR-GIA-U1;selected;User toggled category selection;category_list_screen;1789979590358;selected;abf81a15fb88476f8404fa2b7df29356;Infection prevention;"[""62a01defb531422fac519bcd0af99ff0"", ""abf81a15fb88476f8404fa2b7df29356""]";"[""Sexual & reproductive health"", ""Infection prevention""]";;;7b5c6d2548de4ec7a84335c592c2d05b;Bangladesh - Bangla;;BWT-ZQU-NAR-GIA-U1_4cfe1258-20f8-4eda-b254-ffc0973565ea;2026-09-21 12:00:09.782862+00
5c450de4-6c85-486f-86a9-2b6bd4cb1031;BWT-ZQU-NAR-GIA-U1;selected;User selected all categories;category_list_screen;1789979592345;selected;;;"[""01646fb7ef974170b0f900a6440393f5"", ""3dec104759a745ddb0b110d59a0397a6"", ""62a01defb531422fac519bcd0af99ff0"", ""abf81a15fb88476f8404fa2b7df29356"", ""ed110600d5684274b58984bb1840669c""]";"[""Maternal health"", ""Newborn health"", ""Sexual & reproductive health"", ""Infection prevention"", ""Pregnancy and birth complications""]";;;7b5c6d2548de4ec7a84335c592c2d05b;Bangladesh - Bangla;"{""value"": ""select_all""}";BWT-ZQU-NAR-GIA-U1_4cfe1258-20f8-4eda-b254-ffc0973565ea;2026-09-21 12:00:09.783252+00
7c35b1ee-ef17-42e5-99c7-f250fc5e0890;BWT-ZQU-NAR-GIA-U1;selected;User toggled category selection;category_list_screen;1789979594107;selected;ed110600d5684274b58984bb1840669c;Pregnancy and birth complications;"[""01646fb7ef974170b0f900a6440393f5"", ""3dec104759a745ddb0b110d59a0397a6"", ""62a01defb531422fac519bcd0af99ff0"", ""abf81a15fb88476f8404fa2b7df29356""]";"[""Maternal health"", ""Newborn health"", ""Sexual & reproductive health"", ""Infection prevention""]";;;7b5c6d2548de4ec7a84335c592c2d05b;Bangladesh - Bangla;;BWT-ZQU-NAR-GIA-U1_4cfe1258-20f8-4eda-b254-ffc0973565ea;2026-09-21 12:00:09.783525+00
dc2a6d55-6981-4581-930c-684697ab6fe4;BWT-ZQU-NAR-GIA-U1;selected;User toggled category selection;category_list_screen;1789979595832;selected;ed110600d5684274b58984bb1840669c;Pregnancy and birth complications;"[""01646fb7ef974170b0f900a6440393f5"", ""3dec104759a745ddb0b110d59a0397a6"", ""62a01defb531422fac519bcd0af99ff0"", ""abf81a15fb88476f8404fa2b7df29356"", ""ed110600d5684274b58984bb1840669c""]";"[""Maternal health"", ""Newborn health"", ""Sexual & reproductive health"", ""Infection prevention"", ""Pregnancy and birth complications""]";;;7b5c6d2548de4ec7a84335c592c2d05b;Bangladesh - Bangla;;BWT-ZQU-NAR-GIA-U1_4cfe1258-20f8-4eda-b254-ffc0973565ea;2026-09-21 12:00:09.783528+00
887fa3de-e9b3-4d7e-8962-79f0d7a13894;BWT-ZQS-BFD-BKX-U1;downloaded;User pressed Download for selected categories;category_list_screen;1789979461191;completed;;;"[""01646fb7ef974170b0f900a6440393f5"", ""3dec104759a745ddb0b110d59a0397a6"", ""62a01defb531422fac519bcd0af99ff0"", ""abf81a15fb88476f8404fa2b7df29356"", ""ed110600d5684274b58984bb1840669c""]";"[""Maternal health"", ""Newborn health"", ""Sexual & reproductive health"", ""Infection prevention"", ""Pregnancy and birth complications""]";5;272.49;d2c99bcb8ce7481bb80583b091c6e715;Arabic;"{""device_model"": ""OnePlus8Pro""}";BWT-ZQS-BFD-BKX-U1_72c19d85-4352-47be-bcce-e9387c8f28e4;2026-09-21 12:00:09.8166+00
5b0a31a5-fc20-4dcf-93cb-8e376238b57a;BWT-ZQS-BFD-BKX-U1;selected;User toggled category selection;category_list_screen;1789979487640;selected;3dec104759a745ddb0b110d59a0397a6;Newborn health;"[""01646fb7ef974170b0f900a6440393f5"", ""62a01defb531422fac519bcd0af99ff0"", ""abf81a15fb88476f8404fa2b7df29356"", ""ed110600d5684274b58984bb1840669c""]";"[""Maternal health"", ""Sexual & reproductive health"", ""Infection prevention"", ""Pregnancy and birth complications""]";;;d2c99bcb8ce7481bb80583b091c6e715;Arabic;"{""device_model"": ""OnePlus8Pro""}";BWT-ZQS-BFD-BKX-U1_72c19d85-4352-47be-bcce-e9387c8f28e4;2026-09-21 12:00:09.816602+00
f9fd2fc2-5060-43fa-bd74-f2002c07cf51;BWT-ZQS-BFD-BKX-U1;selected;User toggled category selection;category_list_screen;1789979490308;selected;"01646fb7ef974170b0f900a6440393f5";Maternal health;"[""62a01defb531422fac519bcd0af99ff0"", ""abf81a15fb88476f8404fa2b7df29356"", ""ed110600d5684274b58984bb1840669c""]";"[""Sexual & reproductive health"", ""Infection prevention"", ""Pregnancy and birth complications""]";;;d2c99bcb8ce7481bb80583b091c6e715;Arabic;"{""device_model"": ""OnePlus8Pro""}";BWT-ZQS-BFD-BKX-U1_72c19d85-4352-47be-bcce-e9387c8f28e4;2026-09-21 12:00:09.816604+00
247fc5db-c4df-43a6-a829-1b79348d178d;BWT-ZQS-BFD-BKX-U1;selected;User toggled category selection;category_list_screen;1789979508353;selected;abf81a15fb88476f8404fa2b7df29356;Infection prevention;"[""01646fb7ef974170b0f900a6440393f5"", ""3dec104759a745ddb0b110d59a0397a6"", ""62a01defb531422fac519bcd0af99ff0"", ""ed110600d5684274b58984bb1840669c""]";"[""Maternal health"", ""Newborn health"", ""Sexual & reproductive health"", ""Pregnancy and birth complications""]";;;d2c99bcb8ce7481bb80583b091c6e715;Arabic;"{""device_model"": ""OnePlus8Pro""}";BWT-ZQS-BFD-BKX-U1_72c19d85-4352-47be-bcce-e9387c8f28e4;2026-09-21 12:00:09.816606+00
e193e41d-3aa2-441b-a9d0-4911f5209cae;BWT-ZQS-BFD-BKX-U1;selected;User toggled category selection;category_list_screen;1789979509752;selected;ed110600d5684274b58984bb1840669c;Pregnancy and birth complications;"[""01646fb7ef974170b0f900a6440393f5"", ""3dec104759a745ddb0b110d59a0397a6"", ""62a01defb531422fac519bcd0af99ff0""]";"[""Maternal health"", ""Newborn health"", ""Sexual & reproductive health""]";;;d2c99bcb8ce7481bb80583b091c6e715;Arabic;"{""device_model"": ""OnePlus8Pro""}";BWT-ZQS-BFD-BKX-U1_72c19d85-4352-47be-bcce-e9387c8f28e4;2026-09-21 12:00:09.816608+00
5c951a6d-adb5-4485-b1cb-d71ff6b5498c;BWT-ZQS-BFD-BKX-U1;downloaded;User pressed Download for selected categories;category_list_screen;1789979511076;completed;;;"[""01646fb7ef974170b0f900a6440393f5"", ""3dec104759a745ddb0b110d59a0397a6"", ""62a01defb531422fac519bcd0af99ff0""]";"[""Maternal health"", ""Newborn health"", ""Sexual & reproductive health""]";3;179.88;d2c99bcb8ce7481bb80583b091c6e715;Arabic;"{""device_model"": ""OnePlus8Pro""}";BWT-ZQS-BFD-BKX-U1_72c19d85-4352-47be-bcce-e9387c8f28e4;2026-09-21 12:00:09.816609+00
4de2f318-7b6f-4d2b-8597-d69196b4d5f6;BWT-ZQS-BFD-BKX-U1;selected;User selected all categories;category_list_screen;1789979522740;selected;;;"[""01646fb7ef974170b0f900a6440393f5"", ""3dec104759a745ddb0b110d59a0397a6"", ""62a01defb531422fac519bcd0af99ff0"", ""abf81a15fb88476f8404fa2b7df29356"", ""ed110600d5684274b58984bb1840669c""]";"[""Maternal health"", ""Newborn health"", ""Sexual & reproductive health"", ""Infection prevention"", ""Pregnancy and birth complications""]";;;d2c99bcb8ce7481bb80583b091c6e715;Arabic;"{""value"": ""select_all"", ""device_model"": ""OnePlus8Pro""}";BWT-ZQS-BFD-BKX-U1_72c19d85-4352-47be-bcce-e9387c8f28e4;2026-09-21 12:00:09.816611+00
aaf43876-e666-42d2-938e-081f87ea9cfb;BWT-ZQS-BFD-BKX-U1;selected;User toggled category selection;category_list_screen;1789979538090;selected;62a01defb531422fac519bcd0af99ff0;Sexual & reproductive health;"[""01646fb7ef974170b0f900a6440393f5"", ""3dec104759a745ddb0b110d59a0397a6"", ""abf81a15fb88476f8404fa2b7df29356"", ""ed110600d5684274b58984bb1840669c""]";"[""Maternal health"", ""Newborn health"", ""Infection prevention"", ""Pregnancy and birth complications""]";;;d2c99bcb8ce7481bb80583b091c6e715;Arabic;"{""device_model"": ""OnePlus8Pro""}";BWT-ZQS-BFD-BKX-U1_72c19d85-4352-47be-bcce-e9387c8f28e4;2026-09-21 12:00:09.816613+00
"0cc6bb3f-47dd-4e4c-9ecf-d4ea9d6401a2";BWT-ZQS-BFD-BKX-U1;selected;User toggled category selection;category_list_screen;1789979539568;selected;ed110600d5684274b58984bb1840669c;Pregnancy and birth complications;"[""01646fb7ef974170b0f900a6440393f5"", ""3dec104759a745ddb0b110d59a0397a6"", ""abf81a15fb88476f8404fa2b7df29356""]";"[""Maternal health"", ""Newborn health"", ""Infection prevention""]";;;d2c99bcb8ce7481bb80583b091c6e715;Arabic;"{""device_model"": ""OnePlus8Pro""}";BWT-ZQS-BFD-BKX-U1_72c19d85-4352-47be-bcce-e9387c8f28e4;2026-09-21 12:00:09.816615+00
4dd9b6c4-24ab-4968-a3ce-519a1419f66f;BWT-ZQS-BFD-BKX-U1;selected;User toggled category selection;category_list_screen;1789979540836;selected;ed110600d5684274b58984bb1840669c;Pregnancy and birth complications;"[""01646fb7ef974170b0f900a6440393f5"", ""3dec104759a745ddb0b110d59a0397a6"", ""abf81a15fb88476f8404fa2b7df29356"", ""ed110600d5684274b58984bb1840669c""]";"[""Maternal health"", ""Newborn health"", ""Infection prevention"", ""Pregnancy and birth complications""]";;;d2c99bcb8ce7481bb80583b091c6e715;Arabic;"{""device_model"": ""OnePlus8Pro""}";BWT-ZQS-BFD-BKX-U1_72c19d85-4352-47be-bcce-e9387c8f28e4;2026-09-21 12:00:09.816616+00
e8b1c2bf-0936-4973-baad-ef16d5d11e3c;BWT-ZQS-BFD-BKX-U1;selected;User toggled category selection;category_list_screen;1789979544820;selected;62a01defb531422fac519bcd0af99ff0;Sexual & reproductive health;"[""01646fb7ef974170b0f900a6440393f5"", ""3dec104759a745ddb0b110d59a0397a6"", ""abf81a15fb88476f8404fa2b7df29356"", ""ed110600d5684274b58984bb1840669c"", ""62a01defb531422fac519bcd0af99ff0""]";"[""Maternal health"", ""Newborn health"", ""Infection prevention"", ""Pregnancy and birth complications"", ""Sexual & reproductive health""]";;;d2c99bcb8ce7481bb80583b091c6e715;Arabic;"{""device_model"": ""OnePlus8Pro""}";BWT-ZQS-BFD-BKX-U1_72c19d85-4352-47be-bcce-e9387c8f28e4;2026-09-21 12:00:09.816618+00
faa844ed-d758-480b-becf-a332dbe827f3;BWT-ZQS-BFD-BKX-U1;selected;User toggled category selection;category_list_screen;1789979558906;selected;ed110600d5684274b58984bb1840669c;Pregnancy and birth complications;"[""01646fb7ef974170b0f900a6440393f5"", ""3dec104759a745ddb0b110d59a0397a6"", ""abf81a15fb88476f8404fa2b7df29356"", ""62a01defb531422fac519bcd0af99ff0""]";"[""Maternal health"", ""Newborn health"", ""Infection prevention"", ""Sexual & reproductive health""]";;;d2c99bcb8ce7481bb80583b091c6e715;Arabic;"{""device_model"": ""OnePlus8Pro""}";BWT-ZQS-BFD-BKX-U1_72c19d85-4352-47be-bcce-e9387c8f28e4;2026-09-21 12:00:09.81662+00
8d7402d1-2e66-47fa-a507-128a4894e2e7;BWT-ZQS-BFD-BKX-U1;selected;User selected all categories;category_list_screen;1789979571539;selected;;;"[""01646fb7ef974170b0f900a6440393f5"", ""3dec104759a745ddb0b110d59a0397a6"", ""62a01defb531422fac519bcd0af99ff0"", ""abf81a15fb88476f8404fa2b7df29356"", ""ed110600d5684274b58984bb1840669c""]";"[""Maternal health"", ""Newborn health"", ""Sexual & reproductive health"", ""Infection prevention"", ""Pregnancy and birth complications""]";;;d2c99bcb8ce7481bb80583b091c6e715;Arabic;"{""value"": ""select_all"", ""device_model"": ""OnePlus8Pro""}";BWT-ZQS-BFD-BKX-U1_72c19d85-4352-47be-bcce-e9387c8f28e4;2026-09-21 12:00:09.816621+00
33859630-cb7b-41be-b5e5-3acee9dbc405;BWT-ZQS-BFD-BKX-U1;selected;User toggled category selection;category_list_screen;1789979572934;selected;62a01defb531422fac519bcd0af99ff0;Sexual & reproductive health;"[""01646fb7ef974170b0f900a6440393f5"", ""3dec104759a745ddb0b110d59a0397a6"", ""abf81a15fb88476f8404fa2b7df29356"", ""ed110600d5684274b58984bb1840669c""]";"[""Maternal health"", ""Newborn health"", ""Infection prevention"", ""Pregnancy and birth complications""]";;;d2c99bcb8ce7481bb80583b091c6e715;Arabic;"{""device_model"": ""OnePlus8Pro""}";BWT-ZQS-BFD-BKX-U1_72c19d85-4352-47be-bcce-e9387c8f28e4;2026-09-21 12:00:09.816623+00
c4893ea0-1d34-46f9-a4f7-7c8dd65f59ba;BWT-ZQS-BFD-BKX-U1;selected;User toggled category selection;category_list_screen;1789979575525;selected;abf81a15fb88476f8404fa2b7df29356;Infection prevention;"[""01646fb7ef974170b0f900a6440393f5"", ""3dec104759a745ddb0b110d59a0397a6"", ""ed110600d5684274b58984bb1840669c""]";"[""Maternal health"", ""Newborn health"", ""Pregnancy and birth complications""]";;;d2c99bcb8ce7481bb80583b091c6e715;Arabic;"{""device_model"": ""OnePlus8Pro""}";BWT-ZQS-BFD-BKX-U1_72c19d85-4352-47be-bcce-e9387c8f28e4;2026-09-21 12:00:09.816625+00
"0d951a9f-0469-459e-839b-650ca925b87c";BWT-ZQS-BFD-BKX-U1;selected;User toggled category selection;category_list_screen;1789979576986;selected;62a01defb531422fac519bcd0af99ff0;Sexual & reproductive health;"[""01646fb7ef974170b0f900a6440393f5"", ""3dec104759a745ddb0b110d59a0397a6"", ""ed110600d5684274b58984bb1840669c"", ""62a01defb531422fac519bcd0af99ff0""]";"[""Maternal health"", ""Newborn health"", ""Pregnancy and birth complications"", ""Sexual & reproductive health""]";;;d2c99bcb8ce7481bb80583b091c6e715;Arabic;"{""device_model"": ""OnePlus8Pro""}";BWT-ZQS-BFD-BKX-U1_72c19d85-4352-47be-bcce-e9387c8f28e4;2026-09-21 12:00:09.816626+00
f1ffe529-04bb-4be6-8886-7642d44f1921;BWT-ZQS-BFD-BKX-U1;selected;User toggled category selection;category_list_screen;1789979578343;selected;"01646fb7ef974170b0f900a6440393f5";Maternal health;"[""3dec104759a745ddb0b110d59a0397a6"", ""ed110600d5684274b58984bb1840669c"", ""62a01defb531422fac519bcd0af99ff0""]";"[""Newborn health"", ""Pregnancy and birth complications"", ""Sexual & reproductive health""]";;;d2c99bcb8ce7481bb80583b091c6e715;Arabic;"{""device_model"": ""OnePlus8Pro""}";BWT-ZQS-BFD-BKX-U1_72c19d85-4352-47be-bcce-e9387c8f28e4;2026-09-21 12:00:09.816628+00
ac1efe36-82fc-4b65-9168-ea5a7ede2d48;BWT-ZQU-ONS-IXD-U1;downloaded;User pressed Download for selected categories;category_list_screen;1789979617534;completed;;;"[""01646fb7ef974170b0f900a6440393f5"", ""3dec104759a745ddb0b110d59a0397a6"", ""62a01defb531422fac519bcd0af99ff0"", ""abf81a15fb88476f8404fa2b7df29356"", ""ed110600d5684274b58984bb1840669c""]";"[""Maternal health"", ""Newborn health"", ""Sexual & reproductive health"", ""Infection prevention"", ""Pregnancy and birth complications""]";5;272.49;d2c99bcb8ce7481bb80583b091c6e715;Arabic;"{""device_model"": ""sdk_gphone16k_arm64""}";BWT-ZQU-ONS-IXD-U1_042d0b4f-e3be-4c20-a07f-70e0f7c5915b;2026-09-21 12:00:09.851868+00
913cf0ae-e3f3-4902-97d4-71cec42981b3;BWT-ZQT-MRS-CUC-U1;selected;User toggled category selection;category_list_screen;1789979613890;selected;"01646fb7ef974170b0f900a6440393f5";Maternal health;"[""3dec104759a745ddb0b110d59a0397a6"", ""62a01defb531422fac519bcd0af99ff0"", ""abf81a15fb88476f8404fa2b7df29356"", ""ed110600d5684274b58984bb1840669c""]";"[""Newborn health"", ""Sexual & reproductive health"", ""Infection prevention"", ""Pregnancy and birth complications""]";;;d2c99bcb8ce7481bb80583b091c6e715;Arabic;"{""device_model"": ""moto g(20)""}";BWT-ZQT-MRS-CUC-U1_898155f3-e1f7-4d32-96cb-abd4d395647a;2026-09-21 12:00:09.928959+00
13a875a1-54ae-4fd5-9607-5f8d78431fe4;BWT-ZQT-MRS-CUC-U1;selected;User toggled category selection;category_list_screen;1789979618811;selected;"01646fb7ef974170b0f900a6440393f5";Maternal health;"[""3dec104759a745ddb0b110d59a0397a6"", ""62a01defb531422fac519bcd0af99ff0"", ""abf81a15fb88476f8404fa2b7df29356"", ""ed110600d5684274b58984bb1840669c"", ""01646fb7ef974170b0f900a6440393f5""]";"[""Newborn health"", ""Sexual & reproductive health"", ""Infection prevention"", ""Pregnancy and birth complications"", ""Maternal health""]";;;d2c99bcb8ce7481bb80583b091c6e715;Arabic;"{""device_model"": ""moto g(20)""}";BWT-ZQT-MRS-CUC-U1_898155f3-e1f7-4d32-96cb-abd4d395647a;2026-09-21 12:00:09.928962+00
9fbb00f5-22b5-40a6-9689-9fa2f06b9865;BWT-ZQT-MRS-CUC-U1;selected;User unselected all categories;category_list_screen;1789979628809;selected;;;[];[];;;d2c99bcb8ce7481bb80583b091c6e715;Arabic;"{""value"": ""unselect_all"", ""device_model"": ""moto g(20)""}";BWT-ZQT-MRS-CUC-U1_898155f3-e1f7-4d32-96cb-abd4d395647a;2026-09-21 12:00:09.928964+00
506a1f54-aaef-4c18-8100-7ed5417cf9e6;BWT-ZQT-MRS-CUC-U1;selected;User toggled category selection;category_list_screen;1789979641689;selected;"01646fb7ef974170b0f900a6440393f5";Maternal health;"[""01646fb7ef974170b0f900a6440393f5""]";"[""Maternal health""]";;;d2c99bcb8ce7481bb80583b091c6e715;Arabic;"{""device_model"": ""moto g(20)""}";BWT-ZQT-MRS-CUC-U1_898155f3-e1f7-4d32-96cb-abd4d395647a;2026-09-21 12:00:09.928966+00
6231151a-a8e4-4452-bef3-15761e15f5b5;BWT-ZQT-MRS-CUC-U1;selected;User toggled category selection;category_list_screen;1789979649221;selected;"01646fb7ef974170b0f900a6440393f5";Maternal health;[];[];;;d2c99bcb8ce7481bb80583b091c6e715;Arabic;"{""device_model"": ""moto g(20)""}";BWT-ZQT-MRS-CUC-U1_898155f3-e1f7-4d32-96cb-abd4d395647a;2026-09-21 12:00:09.928968+00
eb9bf3b9-ecd9-482d-8051-6cd2568283c0;BWT-ZQT-MRS-CUC-U1;selected;User toggled category selection;category_list_screen;1789979656550;selected;abf81a15fb88476f8404fa2b7df29356;Infection prevention;"[""abf81a15fb88476f8404fa2b7df29356""]";"[""Infection prevention""]";;;d2c99bcb8ce7481bb80583b091c6e715;Arabic;"{""device_model"": ""moto g(20)""}";BWT-ZQT-MRS-CUC-U1_898155f3-e1f7-4d32-96cb-abd4d395647a;2026-09-21 12:00:09.92897+00
7648a868-a2cf-4270-b834-14de35841c73;BWT-ZQT-MRS-CUC-U1;selected;User toggled category selection;category_list_screen;1789979661635;selected;abf81a15fb88476f8404fa2b7df29356;Infection prevention;[];[];;;d2c99bcb8ce7481bb80583b091c6e715;Arabic;"{""device_model"": ""moto g(20)""}";BWT-ZQT-MRS-CUC-U1_898155f3-e1f7-4d32-96cb-abd4d395647a;2026-09-21 12:00:09.928972+00
9ae469fc-4629-46ca-80fb-ee2335f562a6;BWT-ZQT-MRS-CUC-U1;selected;User selected all categories;category_list_screen;1789979671450;selected;;;"[""01646fb7ef974170b0f900a6440393f5"", ""3dec104759a745ddb0b110d59a0397a6"", ""62a01defb531422fac519bcd0af99ff0"", ""abf81a15fb88476f8404fa2b7df29356"", ""ed110600d5684274b58984bb1840669c""]";"[""Maternal health"", ""Newborn health"", ""Sexual & reproductive health"", ""Infection prevention"", ""Pregnancy and birth complications""]";;;d2c99bcb8ce7481bb80583b091c6e715;Arabic;"{""value"": ""select_all"", ""device_model"": ""moto g(20)""}";BWT-ZQT-MRS-CUC-U1_898155f3-e1f7-4d32-96cb-abd4d395647a;2026-09-21 12:00:09.928974+00
caa9347e-b90c-48a9-af14-29ba07c5070c;BWT-ZQT-MRS-CUC-U1;selected;User toggled category selection;category_list_screen;1789979679178;selected;abf81a15fb88476f8404fa2b7df29356;Infection prevention;"[""01646fb7ef974170b0f900a6440393f5"", ""3dec104759a745ddb0b110d59a0397a6"", ""62a01defb531422fac519bcd0af99ff0"", ""ed110600d5684274b58984bb1840669c""]";"[""Maternal health"", ""Newborn health"", ""Sexual & reproductive health"", ""Pregnancy and birth complications""]";;;d2c99bcb8ce7481bb80583b091c6e715;Arabic;"{""device_model"": ""moto g(20)""}";BWT-ZQT-MRS-CUC-U1_898155f3-e1f7-4d32-96cb-abd4d395647a;2026-09-21 12:00:09.928975+00
2b07d03e-fbe1-4035-8f6b-91abd213111d;BWT-ZRK-XWO-ZWB-U1;selected;User toggled category selection;category_list_screen;1789981140676;selected;ed110600d5684274b58984bb1840669c;Pregnancy and birth complications;"[""01646fb7ef974170b0f900a6440393f5"", ""3dec104759a745ddb0b110d59a0397a6"", ""62a01defb531422fac519bcd0af99ff0"", ""abf81a15fb88476f8404fa2b7df29356""]";"[""Maternal health"", ""Newborn health"", ""Sexual & reproductive health"", ""Infection prevention""]";;;d2c99bcb8ce7481bb80583b091c6e715;Arabic;"{""device_model"": ""OnePlus8Pro""}";BWT-ZRK-XWO-ZWB-U1_4835b973-bcf1-4935-b530-a95960e119de;2026-09-21 12:00:10.056388+00
61634700-9f48-48fc-9521-a5b68798f32f;BWT-ZRK-XWO-ZWB-U1;selected;User toggled category selection;category_list_screen;1789981143487;selected;abf81a15fb88476f8404fa2b7df29356;Infection prevention;"[""01646fb7ef974170b0f900a6440393f5"", ""3dec104759a745ddb0b110d59a0397a6"", ""62a01defb531422fac519bcd0af99ff0""]";"[""Maternal health"", ""Newborn health"", ""Sexual & reproductive health""]";;;d2c99bcb8ce7481bb80583b091c6e715;Arabic;"{""device_model"": ""OnePlus8Pro""}";BWT-ZRK-XWO-ZWB-U1_4835b973-bcf1-4935-b530-a95960e119de;2026-09-21 12:00:10.056391+00
c2b1957b-0a67-49f4-90da-ce25708c2e97;BWT-ZRK-XWO-ZWB-U1;selected;User toggled category selection;category_list_screen;1789981145092;selected;62a01defb531422fac519bcd0af99ff0;Sexual & reproductive health;"[""01646fb7ef974170b0f900a6440393f5"", ""3dec104759a745ddb0b110d59a0397a6""]";"[""Maternal health"", ""Newborn health""]";;;d2c99bcb8ce7481bb80583b091c6e715;Arabic;"{""device_model"": ""OnePlus8Pro""}";BWT-ZRK-XWO-ZWB-U1_4835b973-bcf1-4935-b530-a95960e119de;2026-09-21 12:00:10.056393+00
587971a6-d141-487d-bfaf-3fdb6733a88b;BWT-ZRK-XWO-ZWB-U1;selected;User toggled category selection;category_list_screen;1789981146648;selected;3dec104759a745ddb0b110d59a0397a6;Newborn health;"[""01646fb7ef974170b0f900a6440393f5""]";"[""Maternal health""]";;;d2c99bcb8ce7481bb80583b091c6e715;Arabic;"{""device_model"": ""OnePlus8Pro""}";BWT-ZRK-XWO-ZWB-U1_4835b973-bcf1-4935-b530-a95960e119de;2026-09-21 12:00:10.056395+00
ad196b34-e56e-4c90-b7cf-6dc197130136;BWU-FXC-FUO-TLW-U1;selected;User toggled category selection;category_list_screen;1790318506866;selected;abf81a15fb88476f8404fa2b7df29356;Infection prevention;"[""abf81a15fb88476f8404fa2b7df29356""]";"[""Infection prevention""]";;;8a2ddf1bc349422892f5f4e9be2b92c5;Nepal - English;"{""device_model"": ""M2102J20SI""}";BWU-FXC-FUO-TLW-U1_de9a05fe-9451-4bec-abce-d5798eb56415;2026-09-25 12:00:14.634434+00
32e70554-8cf9-4442-bf23-279e5b45e00c;BWT-ZRK-XWO-ZWB-U1;selected;User selected all categories;category_list_screen;1789981148275;selected;;;"[""01646fb7ef974170b0f900a6440393f5"", ""3dec104759a745ddb0b110d59a0397a6"", ""62a01defb531422fac519bcd0af99ff0"", ""abf81a15fb88476f8404fa2b7df29356"", ""ed110600d5684274b58984bb1840669c""]";"[""Maternal health"", ""Newborn health"", ""Sexual & reproductive health"", ""Infection prevention"", ""Pregnancy and birth complications""]";;;d2c99bcb8ce7481bb80583b091c6e715;Arabic;"{""value"": ""select_all"", ""device_model"": ""OnePlus8Pro""}";BWT-ZRK-XWO-ZWB-U1_4835b973-bcf1-4935-b530-a95960e119de;2026-09-21 12:00:10.056396+00
b17b5bf9-ee4a-4490-9a8c-8343cd812424;BWT-ZRK-XWO-ZWB-U1;selected;User toggled category selection;category_list_screen;1789981149664;selected;"01646fb7ef974170b0f900a6440393f5";Maternal health;"[""3dec104759a745ddb0b110d59a0397a6"", ""62a01defb531422fac519bcd0af99ff0"", ""abf81a15fb88476f8404fa2b7df29356"", ""ed110600d5684274b58984bb1840669c""]";"[""Newborn health"", ""Sexual & reproductive health"", ""Infection prevention"", ""Pregnancy and birth complications""]";;;d2c99bcb8ce7481bb80583b091c6e715;Arabic;"{""device_model"": ""OnePlus8Pro""}";BWT-ZRK-XWO-ZWB-U1_4835b973-bcf1-4935-b530-a95960e119de;2026-09-21 12:00:10.056398+00
d3bb470d-a252-4800-9291-2b6daaebdf33;BWT-ZRK-XWO-ZWB-U1;selected;User toggled category selection;category_list_screen;1789981151171;selected;62a01defb531422fac519bcd0af99ff0;Sexual & reproductive health;"[""3dec104759a745ddb0b110d59a0397a6"", ""abf81a15fb88476f8404fa2b7df29356"", ""ed110600d5684274b58984bb1840669c""]";"[""Newborn health"", ""Infection prevention"", ""Pregnancy and birth complications""]";;;d2c99bcb8ce7481bb80583b091c6e715;Arabic;"{""device_model"": ""OnePlus8Pro""}";BWT-ZRK-XWO-ZWB-U1_4835b973-bcf1-4935-b530-a95960e119de;2026-09-21 12:00:10.0564+00
89ab9687-3196-41e0-a826-9a7560efbc6a;BWT-ZRK-XWO-ZWB-U1;selected;User toggled category selection;category_list_screen;1789981152770;selected;"01646fb7ef974170b0f900a6440393f5";Maternal health;"[""3dec104759a745ddb0b110d59a0397a6"", ""abf81a15fb88476f8404fa2b7df29356"", ""ed110600d5684274b58984bb1840669c"", ""01646fb7ef974170b0f900a6440393f5""]";"[""Newborn health"", ""Infection prevention"", ""Pregnancy and birth complications"", ""Maternal health""]";;;d2c99bcb8ce7481bb80583b091c6e715;Arabic;"{""device_model"": ""OnePlus8Pro""}";BWT-ZRK-XWO-ZWB-U1_4835b973-bcf1-4935-b530-a95960e119de;2026-09-21 12:00:10.056402+00
657fb42a-1ea7-4eed-9cb5-2ea4714cdb87;BWT-ZRK-XWO-ZWB-U1;selected;User toggled category selection;category_list_screen;1789981154326;selected;"01646fb7ef974170b0f900a6440393f5";Maternal health;"[""3dec104759a745ddb0b110d59a0397a6"", ""abf81a15fb88476f8404fa2b7df29356"", ""ed110600d5684274b58984bb1840669c""]";"[""Newborn health"", ""Infection prevention"", ""Pregnancy and birth complications""]";;;d2c99bcb8ce7481bb80583b091c6e715;Arabic;"{""device_model"": ""OnePlus8Pro""}";BWT-ZRK-XWO-ZWB-U1_4835b973-bcf1-4935-b530-a95960e119de;2026-09-21 12:00:10.056404+00
4d537bb1-3296-466b-aa23-5bca0f64f644;BWT-ZRK-XWO-ZWB-U1;selected;User toggled category selection;category_list_screen;1789981165754;selected;3dec104759a745ddb0b110d59a0397a6;Newborn health;"[""abf81a15fb88476f8404fa2b7df29356"", ""ed110600d5684274b58984bb1840669c""]";"[""Infection prevention"", ""Pregnancy and birth complications""]";;;d2c99bcb8ce7481bb80583b091c6e715;Arabic;"{""device_model"": ""OnePlus8Pro""}";BWT-ZRK-XWO-ZWB-U1_4835b973-bcf1-4935-b530-a95960e119de;2026-09-21 12:00:10.056406+00
67fc774a-29fc-40c1-848e-8d0355b15bf1;BWT-ZRK-XWO-ZWB-U1;downloaded;User pressed Download for selected categories;category_list_screen;1789981167418;completed;;;"[""abf81a15fb88476f8404fa2b7df29356"", ""ed110600d5684274b58984bb1840669c""]";"[""Infection prevention"", ""Pregnancy and birth complications""]";2;92.61;d2c99bcb8ce7481bb80583b091c6e715;Arabic;"{""device_model"": ""OnePlus8Pro""}";BWT-ZRK-XWO-ZWB-U1_4835b973-bcf1-4935-b530-a95960e119de;2026-09-21 12:00:10.056408+00
18726968-c02b-45b5-a9c1-aeb27d763263;BWT-ZRK-XWO-ZWB-U1;selected;User selected all categories;category_list_screen;1789981197074;selected;;;"[""01646fb7ef974170b0f900a6440393f5"", ""3dec104759a745ddb0b110d59a0397a6"", ""62a01defb531422fac519bcd0af99ff0"", ""abf81a15fb88476f8404fa2b7df29356"", ""ed110600d5684274b58984bb1840669c""]";"[""Maternal health"", ""Newborn health"", ""Sexual & reproductive health"", ""Infection prevention"", ""Pregnancy and birth complications""]";;;d2c99bcb8ce7481bb80583b091c6e715;Arabic;"{""value"": ""select_all"", ""device_model"": ""OnePlus8Pro""}";BWT-ZRK-XWO-ZWB-U1_4835b973-bcf1-4935-b530-a95960e119de;2026-09-21 12:00:10.05641+00
f603eae5-24f7-4ef1-bf3b-659478aa39cc;BWT-ZRK-XWO-ZWB-U1;selected;User toggled category selection;category_list_screen;1789981327286;selected;ed110600d5684274b58984bb1840669c;Pregnancy and birth complications;"[""abf81a15fb88476f8404fa2b7df29356""]";"[""Infection prevention""]";;;d2c99bcb8ce7481bb80583b091c6e715;Arabic;"{""device_model"": ""OnePlus8Pro""}";BWT-ZRK-XWO-ZWB-U1_4835b973-bcf1-4935-b530-a95960e119de;2026-09-21 12:00:10.056412+00
f523b9dd-e98e-4441-ad17-9ba139d9ae73;BWT-ZRK-XWO-ZWB-U1;selected;User toggled category selection;category_list_screen;1789981328894;selected;3dec104759a745ddb0b110d59a0397a6;Newborn health;"[""abf81a15fb88476f8404fa2b7df29356"", ""3dec104759a745ddb0b110d59a0397a6""]";"[""Infection prevention"", ""Newborn health""]";;;d2c99bcb8ce7481bb80583b091c6e715;Arabic;"{""device_model"": ""OnePlus8Pro""}";BWT-ZRK-XWO-ZWB-U1_4835b973-bcf1-4935-b530-a95960e119de;2026-09-21 12:00:10.056414+00
def54a77-bca2-4d26-bcea-c727bd2ff557;BWT-ZRK-XWO-ZWB-U1;selected;User toggled category selection;category_list_screen;1789981333930;selected;abf81a15fb88476f8404fa2b7df29356;Infection prevention;"[""3dec104759a745ddb0b110d59a0397a6""]";"[""Newborn health""]";;;d2c99bcb8ce7481bb80583b091c6e715;Arabic;"{""device_model"": ""OnePlus8Pro""}";BWT-ZRK-XWO-ZWB-U1_4835b973-bcf1-4935-b530-a95960e119de;2026-09-21 12:00:10.056416+00
f69f072c-7d17-4b5f-b85e-6fb16ac45672;BWT-ZRK-XWO-ZWB-U1;downloaded;User pressed Download for selected categories;category_list_screen;1789981345594;completed;;;"[""3dec104759a745ddb0b110d59a0397a6""]";"[""Newborn health""]";1;57.39;d2c99bcb8ce7481bb80583b091c6e715;Arabic;"{""device_model"": ""OnePlus8Pro""}";BWT-ZRK-XWO-ZWB-U1_4835b973-bcf1-4935-b530-a95960e119de;2026-09-21 12:00:10.056418+00
2c474b4a-1863-4e77-b7e6-b4b6b2e9742e;BWU-DHU-QUH-LOB-U1;downloaded;User pressed Download for selected categories;category_list_screen;1790177985440;completed;;;"[""01646fb7ef974170b0f900a6440393f5"", ""3dec104759a745ddb0b110d59a0397a6"", ""62a01defb531422fac519bcd0af99ff0"", ""abf81a15fb88476f8404fa2b7df29356"", ""ed110600d5684274b58984bb1840669c""]";"[""Maternal health"", ""Newborn health"", ""Sexual & reproductive health"", ""Infection prevention"", ""Pregnancy and birth complications""]";5;271.14;289c0715e027451abc8edfdb361119bf;English;;BWU-DHU-QUH-LOB-U1_453fad6e-be90-43ba-bc15-45fe3b308cfe;2026-09-24 00:00:10.532994+00
c70c5ec5-542b-47ae-aff7-06ec8819632e;BWU-ENN-GOW-KWO-U1;downloaded;User pressed Download for selected categories;category_list_screen;1790247863684;completed;;;"[""01646fb7ef974170b0f900a6440393f5"", ""3dec104759a745ddb0b110d59a0397a6"", ""62a01defb531422fac519bcd0af99ff0"", ""abf81a15fb88476f8404fa2b7df29356"", ""ed110600d5684274b58984bb1840669c""]";"[""Maternal health"", ""Newborn health"", ""Sexual & reproductive health"", ""Infection prevention"", ""Pregnancy and birth complications""]";5;229.96;d6e10239c4eb4b90b3cbb9ae1986907d;Ethiopia - English;;BWU-ENN-GOW-KWO-U1_826ae63e-99b3-4690-95d3-b20c9e4db8a1;2026-09-24 12:00:07.118033+00
df59cc86-b0c3-467f-a0a0-0cc46f70a97a;BWU-FXC-FUO-TLW-U1;selected;User unselected all categories;category_list_screen;1790318506065;selected;;;[];[];;;8a2ddf1bc349422892f5f4e9be2b92c5;Nepal - English;"{""value"": ""unselect_all"", ""device_model"": ""M2102J20SI""}";BWU-FXC-FUO-TLW-U1_de9a05fe-9451-4bec-abce-d5798eb56415;2026-09-25 12:00:14.634431+00
"0eaebb83-f6b7-47d2-aef8-2d082eb69718";BWU-FXC-FUO-TLW-U1;selected;User toggled category selection;category_list_screen;1790318507171;selected;ed110600d5684274b58984bb1840669c;Pregnancy and birth complications;"[""abf81a15fb88476f8404fa2b7df29356"", ""ed110600d5684274b58984bb1840669c""]";"[""Infection prevention"", ""Pregnancy and birth complications""]";;;8a2ddf1bc349422892f5f4e9be2b92c5;Nepal - English;"{""device_model"": ""M2102J20SI""}";BWU-FXC-FUO-TLW-U1_de9a05fe-9451-4bec-abce-d5798eb56415;2026-09-25 12:00:14.634436+00
a0843c46-6fe4-4528-ac22-7550978d55d0;BWU-FXC-FUO-TLW-U1;downloaded;User pressed Download for selected categories;category_list_screen;1790318507771;completed;;;"[""abf81a15fb88476f8404fa2b7df29356"", ""ed110600d5684274b58984bb1840669c""]";"[""Infection prevention"", ""Pregnancy and birth complications""]";2;69.79;8a2ddf1bc349422892f5f4e9be2b92c5;Nepal - English;"{""device_model"": ""M2102J20SI""}";BWU-FXC-FUO-TLW-U1_de9a05fe-9451-4bec-abce-d5798eb56415;2026-09-25 12:00:14.634438+00
481d43bb-b356-4a02-9500-42967e441b91;BWU-HNR-NYQ-CYX-U1;downloaded;User pressed Download for selected categories;category_list_screen;1790407449386;completed;;;"[""01646fb7ef974170b0f900a6440393f5"", ""3dec104759a745ddb0b110d59a0397a6"", ""62a01defb531422fac519bcd0af99ff0"", ""abf81a15fb88476f8404fa2b7df29356"", ""ed110600d5684274b58984bb1840669c""]";"[""Maternal health"", ""Newborn health"", ""Sexual & reproductive health"", ""Infection prevention"", ""Pregnancy and birth complications""]";5;271.14;289c0715e027451abc8edfdb361119bf;English;;BWU-HNR-NYQ-CYX-U1_c9c5c6ea-b864-46ec-9ed8-0ededd659f38;2026-09-26 12:00:21.288904+00
23a34faf-6c33-48b5-aadc-4960ce48dbb2;BWU-HXU-JPR-XKX-U1;downloaded;User pressed Download for selected categories;category_list_screen;1790428529181;completed;;;"[""01646fb7ef974170b0f900a6440393f5"", ""3dec104759a745ddb0b110d59a0397a6"", ""62a01defb531422fac519bcd0af99ff0"", ""abf81a15fb88476f8404fa2b7df29356"", ""ed110600d5684274b58984bb1840669c""]";"[""Maternal health"", ""Newborn health"", ""Sexual & reproductive health"", ""Infection prevention"", ""Pregnancy and birth complications""]";5;271.14;7cf6efab-a9d7-54d2-2cbd-ec82efe4a7da;null;;BWU-HXU-JPR-XKX-U1_b37f9011-0c1f-4159-9776-a44aa34e79f5;2026-09-27 00:00:42.274492+00
dc3596a6-1097-47ff-985b-bd100dbba69a;BWU-KUP-TCR-APT-U1;selected;User unselected all categories;category_list_screen;1790584774600;selected;;;[];[];;;cca954e8-6c14-6924-6990-010cd19c7919;null;"{""value"": ""unselect_all"", ""device_model"": ""M2102J20SI""}";BWU-KUP-TCR-APT-U1_b57138d7-d456-435d-b8be-09cc3e26258a;2026-09-28 12:00:16.965567+00
d0809392-121a-4d86-99c3-d610ae4ce480;BWU-KUP-TCR-APT-U1;selected;User toggled category selection;category_list_screen;1790584787010;selected;abf81a15fb88476f8404fa2b7df29356;Infection prevention;"[""abf81a15fb88476f8404fa2b7df29356""]";"[""Infection prevention""]";;;cca954e8-6c14-6924-6990-010cd19c7919;null;"{""device_model"": ""M2102J20SI""}";BWU-KUP-TCR-APT-U1_b57138d7-d456-435d-b8be-09cc3e26258a;2026-09-28 12:00:16.96557+00
89659d91-42ec-4032-ac8f-65a1e40a9770;BWU-KUP-TCR-APT-U1;selected;User toggled category selection;category_list_screen;1790584793448;selected;3dec104759a745ddb0b110d59a0397a6;Newborn health;"[""abf81a15fb88476f8404fa2b7df29356"", ""3dec104759a745ddb0b110d59a0397a6""]";"[""Infection prevention"", ""Newborn health""]";;;cca954e8-6c14-6924-6990-010cd19c7919;null;"{""device_model"": ""M2102J20SI""}";BWU-KUP-TCR-APT-U1_b57138d7-d456-435d-b8be-09cc3e26258a;2026-09-28 12:00:16.965572+00
3c3fd315-ef6b-4fff-9af0-8e3ae9d1e43d;BWU-KUP-TCR-APT-U1;selected;User toggled category selection;category_list_screen;1790584794527;selected;ed110600d5684274b58984bb1840669c;Pregnancy and birth complications;"[""abf81a15fb88476f8404fa2b7df29356"", ""3dec104759a745ddb0b110d59a0397a6"", ""ed110600d5684274b58984bb1840669c""]";"[""Infection prevention"", ""Newborn health"", ""Pregnancy and birth complications""]";;;cca954e8-6c14-6924-6990-010cd19c7919;null;"{""device_model"": ""M2102J20SI""}";BWU-KUP-TCR-APT-U1_b57138d7-d456-435d-b8be-09cc3e26258a;2026-09-28 12:00:16.965574+00
"0ff11820-beb7-4ec4-8c96-ecd68b57842d";BWU-KUP-TCR-APT-U1;selected;User toggled category selection;category_list_screen;1790584796564;selected;ed110600d5684274b58984bb1840669c;Pregnancy and birth complications;"[""abf81a15fb88476f8404fa2b7df29356"", ""3dec104759a745ddb0b110d59a0397a6""]";"[""Infection prevention"", ""Newborn health""]";;;cca954e8-6c14-6924-6990-010cd19c7919;null;"{""device_model"": ""M2102J20SI""}";BWU-KUP-TCR-APT-U1_b57138d7-d456-435d-b8be-09cc3e26258a;2026-09-28 12:00:16.965576+00
34031b46-77e4-478d-a0ed-0dba3085f1f7;BWU-KUP-TCR-APT-U1;selected;User selected all categories;category_list_screen;1790584798843;selected;;;"[""01646fb7ef974170b0f900a6440393f5"", ""3dec104759a745ddb0b110d59a0397a6"", ""62a01defb531422fac519bcd0af99ff0"", ""abf81a15fb88476f8404fa2b7df29356"", ""ed110600d5684274b58984bb1840669c""]";"[""Maternal health"", ""Newborn health"", ""Sexual & reproductive health"", ""Infection prevention"", ""Pregnancy and birth complications""]";;;cca954e8-6c14-6924-6990-010cd19c7919;null;"{""value"": ""select_all"", ""device_model"": ""M2102J20SI""}";BWU-KUP-TCR-APT-U1_b57138d7-d456-435d-b8be-09cc3e26258a;2026-09-28 12:00:16.965578+00
fd6b73be-1663-456a-a89b-0be8693d979e;BWU-KUP-TCR-APT-U1;selected;User unselected all categories;category_list_screen;1790584799791;selected;;;[];[];;;cca954e8-6c14-6924-6990-010cd19c7919;null;"{""value"": ""unselect_all"", ""device_model"": ""M2102J20SI""}";BWU-KUP-TCR-APT-U1_b57138d7-d456-435d-b8be-09cc3e26258a;2026-09-28 12:00:16.96558+00
264eafe1-9a82-4d95-badb-2fac4e742c64;BWU-KUP-TCR-APT-U1;selected;User toggled category selection;category_list_screen;1790584800827;selected;62a01defb531422fac519bcd0af99ff0;Sexual & reproductive health;"[""62a01defb531422fac519bcd0af99ff0""]";"[""Sexual & reproductive health""]";;;cca954e8-6c14-6924-6990-010cd19c7919;null;"{""device_model"": ""M2102J20SI""}";BWU-KUP-TCR-APT-U1_b57138d7-d456-435d-b8be-09cc3e26258a;2026-09-28 12:00:16.965581+00
dcd29133-6ada-494a-9f8e-1b775c4201fa;BWU-KUP-TCR-APT-U1;selected;User toggled category selection;category_list_screen;1790584801405;selected;ed110600d5684274b58984bb1840669c;Pregnancy and birth complications;"[""62a01defb531422fac519bcd0af99ff0"", ""ed110600d5684274b58984bb1840669c""]";"[""Sexual & reproductive health"", ""Pregnancy and birth complications""]";;;cca954e8-6c14-6924-6990-010cd19c7919;null;"{""device_model"": ""M2102J20SI""}";BWU-KUP-TCR-APT-U1_b57138d7-d456-435d-b8be-09cc3e26258a;2026-09-28 12:00:16.965583+00
634d5c47-0721-4f58-b0b1-67760de244ea;BWU-KUP-TCR-APT-U1;selected;User toggled category selection;category_list_screen;1790584803707;selected;abf81a15fb88476f8404fa2b7df29356;Infection prevention;"[""62a01defb531422fac519bcd0af99ff0"", ""ed110600d5684274b58984bb1840669c"", ""abf81a15fb88476f8404fa2b7df29356""]";"[""Sexual & reproductive health"", ""Pregnancy and birth complications"", ""Infection prevention""]";;;cca954e8-6c14-6924-6990-010cd19c7919;null;"{""device_model"": ""M2102J20SI""}";BWU-KUP-TCR-APT-U1_b57138d7-d456-435d-b8be-09cc3e26258a;2026-09-28 12:00:16.965585+00
6b8a5b5c-40ba-4414-b019-127bb9aee125;BWU-KUP-TCR-APT-U1;selected;User toggled category selection;category_list_screen;1790584804587;selected;ed110600d5684274b58984bb1840669c;Pregnancy and birth complications;"[""62a01defb531422fac519bcd0af99ff0"", ""abf81a15fb88476f8404fa2b7df29356""]";"[""Sexual & reproductive health"", ""Infection prevention""]";;;cca954e8-6c14-6924-6990-010cd19c7919;null;"{""device_model"": ""M2102J20SI""}";BWU-KUP-TCR-APT-U1_b57138d7-d456-435d-b8be-09cc3e26258a;2026-09-28 12:00:16.965586+00
d3349754-3460-460f-b6fd-3cca4f8dee57;BWU-KUP-TCR-APT-U1;downloaded;User pressed Download for selected categories;category_list_screen;1790584807031;completed;;;"[""62a01defb531422fac519bcd0af99ff0"", ""abf81a15fb88476f8404fa2b7df29356""]";"[""Sexual & reproductive health"", ""Infection prevention""]";2;60.47;cca954e8-6c14-6924-6990-010cd19c7919;null;"{""device_model"": ""M2102J20SI""}";BWU-KUP-TCR-APT-U1_b57138d7-d456-435d-b8be-09cc3e26258a;2026-09-28 12:00:16.965588+00
370b4c46-632a-4711-8b50-6f730399ecd2;BWU-KUP-TCR-APT-U1;selected;User toggled category selection;category_list_screen;1790590026631;selected;"01646fb7ef974170b0f900a6440393f5";Maternal health;"[""3dec104759a745ddb0b110d59a0397a6"", ""62a01defb531422fac519bcd0af99ff0"", ""abf81a15fb88476f8404fa2b7df29356"", ""ed110600d5684274b58984bb1840669c""]";"[""Newborn health"", ""Sexual & reproductive health"", ""Infection prevention"", ""Pregnancy and birth complications""]";;;d6e10239c4eb4b90b3cbb9ae1986907d;Ethiopia - English;"{""device_model"": ""M2102J20SI""}";BWU-KUP-TCR-APT-U1_11bda710-2be8-4ca9-a304-ba8e8cc7062d;2026-09-28 12:00:17.345893+00
ca3e9fc6-ba4f-4b91-9dd3-d242aaaa34dc;BWU-KUP-TCR-APT-U1;selected;User toggled category selection;category_list_screen;1790590027170;selected;3dec104759a745ddb0b110d59a0397a6;Newborn health;"[""62a01defb531422fac519bcd0af99ff0"", ""abf81a15fb88476f8404fa2b7df29356"", ""ed110600d5684274b58984bb1840669c""]";"[""Sexual & reproductive health"", ""Infection prevention"", ""Pregnancy and birth complications""]";;;d6e10239c4eb4b90b3cbb9ae1986907d;Ethiopia - English;"{""device_model"": ""M2102J20SI""}";BWU-KUP-TCR-APT-U1_11bda710-2be8-4ca9-a304-ba8e8cc7062d;2026-09-28 12:00:17.345895+00
99cb0c3f-123c-46b8-a2fe-4d5420faf879;BWU-KUP-TCR-APT-U1;selected;User toggled category selection;category_list_screen;1790590028171;selected;62a01defb531422fac519bcd0af99ff0;Sexual & reproductive health;"[""abf81a15fb88476f8404fa2b7df29356"", ""ed110600d5684274b58984bb1840669c""]";"[""Infection prevention"", ""Pregnancy and birth complications""]";;;d6e10239c4eb4b90b3cbb9ae1986907d;Ethiopia - English;"{""device_model"": ""M2102J20SI""}";BWU-KUP-TCR-APT-U1_11bda710-2be8-4ca9-a304-ba8e8cc7062d;2026-09-28 12:00:17.345897+00
2c9bff41-41ab-427c-8b36-6921a1d4468d;BWU-KUP-TCR-APT-U1;selected;User selected all categories;category_list_screen;1790590029294;selected;;;"[""01646fb7ef974170b0f900a6440393f5"", ""3dec104759a745ddb0b110d59a0397a6"", ""62a01defb531422fac519bcd0af99ff0"", ""abf81a15fb88476f8404fa2b7df29356"", ""ed110600d5684274b58984bb1840669c""]";"[""Maternal health"", ""Newborn health"", ""Sexual & reproductive health"", ""Infection prevention"", ""Pregnancy and birth complications""]";;;d6e10239c4eb4b90b3cbb9ae1986907d;Ethiopia - English;"{""value"": ""select_all"", ""device_model"": ""M2102J20SI""}";BWU-KUP-TCR-APT-U1_11bda710-2be8-4ca9-a304-ba8e8cc7062d;2026-09-28 12:00:17.345899+00
21f794b8-0e31-493b-a522-dc631828ea1b;BWU-KUP-TCR-APT-U1;selected;User unselected all categories;category_list_screen;1790590030353;selected;;;[];[];;;d6e10239c4eb4b90b3cbb9ae1986907d;Ethiopia - English;"{""value"": ""unselect_all"", ""device_model"": ""M2102J20SI""}";BWU-KUP-TCR-APT-U1_11bda710-2be8-4ca9-a304-ba8e8cc7062d;2026-09-28 12:00:17.3459+00
a15de2f7-3288-41c4-a734-d6bde205e52c;BWU-KUP-TCR-APT-U1;selected;User toggled category selection;category_list_screen;1790590031597;selected;3dec104759a745ddb0b110d59a0397a6;Newborn health;"[""3dec104759a745ddb0b110d59a0397a6""]";"[""Newborn health""]";;;d6e10239c4eb4b90b3cbb9ae1986907d;Ethiopia - English;"{""device_model"": ""M2102J20SI""}";BWU-KUP-TCR-APT-U1_11bda710-2be8-4ca9-a304-ba8e8cc7062d;2026-09-28 12:00:17.345902+00
6809bcb0-1766-4edd-8f95-608e706edd49;BWU-KUP-TCR-APT-U1;selected;User toggled category selection;category_list_screen;1790590032098;selected;62a01defb531422fac519bcd0af99ff0;Sexual & reproductive health;"[""3dec104759a745ddb0b110d59a0397a6"", ""62a01defb531422fac519bcd0af99ff0""]";"[""Newborn health"", ""Sexual & reproductive health""]";;;d6e10239c4eb4b90b3cbb9ae1986907d;Ethiopia - English;"{""device_model"": ""M2102J20SI""}";BWU-KUP-TCR-APT-U1_11bda710-2be8-4ca9-a304-ba8e8cc7062d;2026-09-28 12:00:17.345904+00
c2cc57e2-2a18-4944-8abb-b89ba9e87e3e;BWU-KUP-TCR-APT-U1;downloaded;User pressed Download for selected categories;category_list_screen;1790590035199;completed;;;"[""3dec104759a745ddb0b110d59a0397a6"", ""62a01defb531422fac519bcd0af99ff0""]";"[""Newborn health"", ""Sexual & reproductive health""]";2;79.95;d6e10239c4eb4b90b3cbb9ae1986907d;Ethiopia - English;"{""device_model"": ""M2102J20SI""}";BWU-KUP-TCR-APT-U1_11bda710-2be8-4ca9-a304-ba8e8cc7062d;2026-09-28 12:00:17.345905+00
52d9dc0d-fd7b-41ac-816f-ecea5d299cf3;BWU-KZJ-AGK-PSP-U1;downloaded;User pressed Download for selected categories;category_list_screen;1790594808846;completed;;;"[""01646fb7ef974170b0f900a6440393f5"", ""3dec104759a745ddb0b110d59a0397a6"", ""62a01defb531422fac519bcd0af99ff0"", ""abf81a15fb88476f8404fa2b7df29356"", ""ed110600d5684274b58984bb1840669c""]";"[""Maternal health"", ""Newborn health"", ""Sexual & reproductive health"", ""Infection prevention"", ""Pregnancy and birth complications""]";5;271.14;289c0715e027451abc8edfdb361119bf;English;;BWU-KZJ-AGK-PSP-U1_f34a258c-8d01-41c5-9639-f6513a2de5da;2026-09-28 12:00:17.549434+00
90c69dd5-8bca-44a8-829e-b261ed01e718;BWU-KZK-PBQ-JEV-U1;downloaded;User pressed Download for selected categories;category_list_screen;1790599059791;completed;;;"[""01646fb7ef974170b0f900a6440393f5"", ""3dec104759a745ddb0b110d59a0397a6"", ""62a01defb531422fac519bcd0af99ff0"", ""abf81a15fb88476f8404fa2b7df29356"", ""ed110600d5684274b58984bb1840669c""]";"[""Maternal health"", ""Newborn health"", ""Sexual & reproductive health"", ""Infection prevention"", ""Pregnancy and birth complications""]";5;271.14;289c0715e027451abc8edfdb361119bf;English;"{""device_model"": ""SM-A032F""}";BWU-KZK-PBQ-JEV-U1_5fc2357a-0855-43f7-b0f8-717c89964d93;2026-09-29 00:00:33.196055+00
2d4b917f-7f54-4690-b464-72009c04b762;BWU-LKN-LQU-LCK-U1;selected;User toggled category selection;category_list_screen;1790618034285;selected;"01646fb7ef974170b0f900a6440393f5";Maternal health;"[""3dec104759a745ddb0b110d59a0397a6"", ""62a01defb531422fac519bcd0af99ff0"", ""abf81a15fb88476f8404fa2b7df29356"", ""ed110600d5684274b58984bb1840669c""]";"[""Newborn health"", ""Sexual & reproductive health"", ""Infection prevention"", ""Pregnancy and birth complications""]";;;289c0715e027451abc8edfdb361119bf;English;"{""device_model"": ""SM-A566B""}";BWU-LKN-LQU-LCK-U1_f4cc68b6-4457-4457-a1d6-a80cb9636d06;2026-09-29 00:00:33.567191+00
54a6e49c-a84f-41f4-ae89-9c1b655f8786;BWU-LKN-LQU-LCK-U1;downloaded;User pressed Download for selected categories;category_list_screen;1790618036475;completed;;;"[""3dec104759a745ddb0b110d59a0397a6"", ""62a01defb531422fac519bcd0af99ff0"", ""abf81a15fb88476f8404fa2b7df29356"", ""ed110600d5684274b58984bb1840669c""]";"[""Newborn health"", ""Sexual & reproductive health"", ""Infection prevention"", ""Pregnancy and birth complications""]";4;198.2;289c0715e027451abc8edfdb361119bf;English;"{""device_model"": ""SM-A566B""}";BWU-LKN-LQU-LCK-U1_f4cc68b6-4457-4457-a1d6-a80cb9636d06;2026-09-29 00:00:33.567194+00
