id;profile_id;event_type;description;screen_name;event_timestamp;is_local_user;language_id;autonym_script;extra;source_file;ingested_at
b879f121-a2ca-4078-8b1f-e746c79d7304;BWT-WIF-ABW-LAY-U1;viewed;User viewed the Language List screen;language_list_screen;1789798707978;;;;"{""device_model"": ""RMX3842""}";BWT-WIF-ABW-LAY-U1_d1dc251d-7fe3-4718-8bd2-27ac1df769c4;2026-09-19 06:20:31.277442+00
8c8fa13b-6abd-42c8-937a-086d445cca00;BWT-WIF-ABW-LAY-U1;viewed;User viewed the Category List screen;category_list_screen;1789798728022;;d6e10239c4eb4b90b3cbb9ae1986907d;Ethiopia - English;"{""device_model"": ""RMX3842""}";BWT-WIF-ABW-LAY-U1_4458b253-6c56-440e-83ff-0643df7a47ab;2026-09-19 06:20:31.318281+00
d3a97bcf-8cc8-4a04-b459-5829cb6029e2;BWT-WIF-ABW-LAY-U1;viewed;User viewed onboarding screen;onboarding_screen;1789798731980;;d6e10239c4eb4b90b3cbb9ae1986907d;Ethiopia - English;"{""device_model"": ""RMX3842""}";BWT-WIF-ABW-LAY-U1_4458b253-6c56-440e-83ff-0643df7a47ab;2026-09-19 06:20:31.318284+00
98c1148f-3aa0-493a-929f-e1ccf79b3eb1;BWT-WIF-ABW-LAY-U1;viewed;"User viewed ""Why we need your data"" modal";onboarding_screen;1789798737221;;d6e10239c4eb4b90b3cbb9ae1986907d;Ethiopia - English;"{""device_model"": ""RMX3842""}";BWT-WIF-ABW-LAY-U1_4458b253-6c56-440e-83ff-0643df7a47ab;2026-09-19 06:20:31.318286+00
"0e3d65eb-6189-4101-866b-cb97099d7cf3";BWT-WIF-ABW-LAY-U1;viewed;User viewed the onboarding survey screen;onboarding_survey_screen;1789798739106;;d6e10239c4eb4b90b3cbb9ae1986907d;Ethiopia - English;"{""device_model"": ""RMX3842""}";BWT-WIF-ABW-LAY-U1_4458b253-6c56-440e-83ff-0643df7a47ab;2026-09-19 06:20:31.318288+00
9e583c66-c94a-4a0d-b775-30f7f03a3761;BWT-WIF-ABW-LAY-U1;completed;User completed the onboarding survey;onboarding_survey_screen;1789798746167;;d6e10239c4eb4b90b3cbb9ae1986907d;Ethiopia - English;"{""device_model"": ""RMX3842""}";BWT-WIF-ABW-LAY-U1_4458b253-6c56-440e-83ff-0643df7a47ab;2026-09-19 06:20:31.318289+00
585d4566-b6cc-4bf6-9402-4154066fc311;BWT-WIF-ABW-LAY-U1;viewed;User viewed the Onboarding Complete screen;onboarding_complete_screen;1789798746244;;d6e10239c4eb4b90b3cbb9ae1986907d;Ethiopia - English;"{""device_model"": ""RMX3842""}";BWT-WIF-ABW-LAY-U1_4458b253-6c56-440e-83ff-0643df7a47ab;2026-09-19 06:20:31.318291+00
4baeeaee-d11c-405b-9e9f-f7d9b0126fc7;BWT-WIF-ABW-LAY-U1;completed;User completed onboarding;onboarding_complete_screen;1789798758786;;d6e10239c4eb4b90b3cbb9ae1986907d;Ethiopia - English;"{""device_model"": ""RMX3842""}";BWT-WIF-ABW-LAY-U1_4458b253-6c56-440e-83ff-0643df7a47ab;2026-09-19 06:20:31.318293+00
19acb626-3f85-4c66-a4f6-d95811eb0f71;BWT-WIF-ABW-LAY-U1;viewed;User viewed the Home screen;home_screen;1789798758910;;d6e10239c4eb4b90b3cbb9ae1986907d;Ethiopia - English;"{""device_model"": ""RMX3842""}";BWT-WIF-ABW-LAY-U1_4458b253-6c56-440e-83ff-0643df7a47ab;2026-09-19 06:20:31.318295+00
a3ee6b5d-e752-4e39-b176-4f85224621c1;BWT-WIF-ABW-LAY-U1;viewed;User viewed the Home screen;home_screen;1789798769662;;d6e10239c4eb4b90b3cbb9ae1986907d;Ethiopia - English;;BWT-WIF-ABW-LAY-U1_92c52324-e675-45dd-a390-6031d1943733;2026-09-19 06:20:31.353643+00
751949fa-fd43-4801-8414-8f4ad6742bd2;BWT-WIF-ABW-LAY-U1;viewed;User viewed the Home screen;home_screen;1789813438597;;d6e10239c4eb4b90b3cbb9ae1986907d;Ethiopia - English;"{""device_model"": ""RMX3842""}";BWT-WIF-ABW-LAY-U1_8540e818-a292-4efa-b1be-86d4f2cf64c4;2026-09-19 12:00:04.553112+00
5b8693a2-ab25-4afe-8214-d3062a2dd030;BWT-WRM-ZMZ-ETK-U1;interacted;User viewed the Language List screen;language_list_screen;1789818145103;;;;"{""appId"": ""BWT-WRM-ZMZ-ETK"", ""deviceOs"": ""iOS"", ""appVersion"": ""3.9.3"", ""device_model"": ""iPhone 16 Pro"", ""appInstallationId"": ""a606867a-c18f-460e-939b-d711d7ec57e2""}";BWT-WRM-ZMZ-ETK-U1_a083b087-6771-4f8d-9ab5-0f719b9455a9;2026-09-19 12:00:04.595872+00
f7abf084-0247-4638-9d49-ebd3b5d39a24;BWT-YQA-NMG-OIO-U1;viewed;User viewed the Language List screen;language_list_screen;1789923647008;;289c0715e027451abc8edfdb361119bf;English;"{""device_model"": ""Android SDK built for x86""}";BWT-YQA-NMG-OIO-U1_7f8b06f2-683d-466c-b115-058e313e096a;2026-09-21 00:00:07.708416+00
ea26b795-6b1f-48a9-862d-0c692b063b32;BWT-YQA-NMG-OIO-U1;viewed;User viewed the Category List screen;category_list_screen;1789923690103;;289c0715e027451abc8edfdb361119bf;English;"{""device_model"": ""Android SDK built for x86""}";BWT-YQA-NMG-OIO-U1_f2afee9c-c09a-4b3c-9a83-a8fc8ded1610;2026-09-21 00:00:07.70842+00
b3298556-9d6f-41a2-a2f5-6c140e7d7df6;BWT-YQA-NMG-OIO-U1;viewed;User viewed onboarding screen;onboarding_screen;1789923705235;;289c0715e027451abc8edfdb361119bf;English;"{""device_model"": ""Android SDK built for x86""}";BWT-YQA-NMG-OIO-U1_f2afee9c-c09a-4b3c-9a83-a8fc8ded1610;2026-09-21 00:00:07.708422+00
fbd92229-54ab-4c6d-84b5-0df6d2b866cf;BWT-YQA-NMG-OIO-U1;viewed;User viewed the onboarding survey screen;onboarding_survey_screen;1789923852884;;289c0715e027451abc8edfdb361119bf;English;"{""device_model"": ""Android SDK built for x86""}";BWT-YQA-NMG-OIO-U1_f2afee9c-c09a-4b3c-9a83-a8fc8ded1610;2026-09-21 00:00:07.708424+00
13c96470-efa2-47c3-858d-31387998664a;BWT-YQA-NMG-OIO-U1;completed;User completed the onboarding survey;onboarding_survey_screen;1789923917966;;289c0715e027451abc8edfdb361119bf;English;"{""device_model"": ""Android SDK built for x86""}";BWT-YQA-NMG-OIO-U1_f2afee9c-c09a-4b3c-9a83-a8fc8ded1610;2026-09-21 00:00:07.708425+00
491e34f0-fca4-4b5b-9821-79c788abff00;BWT-YQA-NMG-OIO-U1;viewed;User viewed the Onboarding Complete screen;onboarding_complete_screen;1789923918122;;289c0715e027451abc8edfdb361119bf;English;"{""device_model"": ""Android SDK built for x86""}";BWT-YQA-NMG-OIO-U1_f2afee9c-c09a-4b3c-9a83-a8fc8ded1610;2026-09-21 00:00:07.708427+00
6221cad5-8abd-47fb-83e7-7ecf6449bc40;BWT-YQA-NMG-OIO-U1;completed;User completed onboarding;onboarding_complete_screen;1789923919896;;289c0715e027451abc8edfdb361119bf;English;"{""device_model"": ""Android SDK built for x86""}";BWT-YQA-NMG-OIO-U1_f2afee9c-c09a-4b3c-9a83-a8fc8ded1610;2026-09-21 00:00:07.708429+00
8e4854eb-80ee-4ffd-b092-c16954c96375;BWT-YQA-NMG-OIO-U1;viewed;User viewed the Home screen;home_screen;1789923920481;;289c0715e027451abc8edfdb361119bf;English;"{""device_model"": ""Android SDK built for x86""}";BWT-YQA-NMG-OIO-U1_f2afee9c-c09a-4b3c-9a83-a8fc8ded1610;2026-09-21 00:00:07.708431+00
a557bcb6-6208-4bce-9af2-9c521755e537;BWT-YQA-NMG-OIO-U1;viewed;User viewed the Home screen;home_screen;1789925167331;;289c0715e027451abc8edfdb361119bf;English;"{""device_model"": ""Android SDK built for x86""}";BWT-YQA-NMG-OIO-U1_376e5080-259b-4559-83a1-77cc56b41ba4;2026-09-21 12:00:08.585274+00
b14f2975-7b0b-4cce-aea3-9ecda70de761;BWT-YQA-NMG-OIO-U1;viewed;User viewed the Home screen;home_screen;1789925445224;;289c0715e027451abc8edfdb361119bf;English;"{""device_model"": ""Android SDK built for x86""}";BWT-YQA-NMG-OIO-U1_376e5080-259b-4559-83a1-77cc56b41ba4;2026-09-21 12:00:08.585278+00
9a67cde6-a297-40e3-932f-ae8ebf06329a;BWT-YQA-NMG-OIO-U1;viewed;User viewed the Modules screen with available categories and modules;modules_screen;1789925460227;;289c0715e027451abc8edfdb361119bf;English;"{""device_model"": ""Android SDK built for x86""}";BWT-YQA-NMG-OIO-U1_376e5080-259b-4559-83a1-77cc56b41ba4;2026-09-21 12:00:08.58528+00
72a59bdb-6212-408d-9165-90ae87509e8b;BWT-ZQP-UCW-SRJ-U1;viewed;User viewed the Language List screen;language_list_screen;1789979166912;;;;"{""device_model"": ""Pixel 5""}";BWT-ZQP-UCW-SRJ-U1_3df4ffca-f751-458b-bfa2-b068a4e1f1ea;2026-09-21 12:00:08.632287+00
1ebe0c11-ee14-4a21-8ae4-8ab7f144be12;BWT-ZQP-VEP-RZQ-U1;viewed;User viewed the Language List screen;language_list_screen;1789979169199;;;;"{""device_model"": ""Pixel 8""}";BWT-ZQP-VEP-RZQ-U1_154063d7-b9ea-489d-ac8a-3301fb673d63;2026-09-21 12:00:08.669885+00
fcf25a95-9bc2-492b-a61d-03e07c48f148;BWT-ZQP-UGZ-EDR-U1;viewed;User viewed the Language List screen;language_list_screen;1789979168657;;;;"{""device_model"": ""Pixel 7""}";BWT-ZQP-UGZ-EDR-U1_00f706fc-06a1-4e26-8640-95716fe223be;2026-09-21 12:00:08.717038+00
b61f06fa-d407-4a2d-8b1f-ac060e184d60;BWT-ZQP-YKS-ITJ-U1;viewed;User viewed the Language List screen;language_list_screen;1789979179114;;;;"{""device_model"": ""Pixel 6""}";BWT-ZQP-YKS-ITJ-U1_75c77523-922b-479a-8ec5-68ee8ba39402;2026-09-21 12:00:08.754589+00
2e80d6ad-da6c-4af6-aef4-2b00cdee56f3;BWT-ZQQ-AGL-FXC-U1;viewed;User viewed the Language List screen;language_list_screen;1789979185395;;;;"{""device_model"": ""Pixel 8""}";BWT-ZQQ-AGL-FXC-U1_c07928bd-66d7-492d-b9a6-2c30ce22b6cb;2026-09-21 12:00:08.792455+00
65d4c0aa-c7e9-4fb5-9c7c-9cebb81f9e31;BWT-ZQP-YKS-ITJ-U1;viewed;User viewed the Category List screen;category_list_screen;1789979227545;;bdd7d335b7ac4e72880ab1c0c83d65e5;Uzbekistan - Russian;;BWT-ZQP-YKS-ITJ-U1_d723dcb6-cdf3-4418-8400-1397ed072941;2026-09-21 12:00:08.96827+00
6737a59c-fc4c-40de-8f99-4dd7778ccc3f;BWT-ZQS-GSA-ZLS-U1;viewed;User viewed the Language List screen;language_list_screen;1789979378755;;310e335f94374ca29a0aa21393840563;India - Gujrati;;BWT-ZQS-GSA-ZLS-U1_b4565100-2172-4194-b149-48f475a294f4;2026-09-21 12:00:09.008031+00
c834487f-a06b-4d88-8432-4d3412308ec1;BWT-ZQT-AJV-QMH-U1;viewed;User viewed the Language List screen;language_list_screen;1789979426036;;;;"{""device_model"": ""SM-S918U1""}";BWT-ZQT-AJV-QMH-U1_ad1e6b94-4cb8-4e02-9147-875025bab4ab;2026-09-21 12:00:09.043417+00
93780916-3579-4134-b494-68666aef378e;BWT-ZQS-BFD-BKX-U1;viewed;User viewed the Language List screen;language_list_screen;1789979348656;;d2c99bcb8ce7481bb80583b091c6e715;Portuguese;"{""device_model"": ""OnePlus8Pro""}";BWT-ZQS-BFD-BKX-U1_6f094b12-3184-49be-9836-377f82910bfb;2026-09-21 12:00:09.082465+00
7d362495-c2d3-45a3-be56-90da6b5dca21;BWT-ZQT-MRS-CUC-U1;viewed;User viewed the Language List screen;language_list_screen;1789979464836;;;;"{""device_model"": ""moto g(20)""}";BWT-ZQT-MRS-CUC-U1_5685ad09-cbc4-4bdd-b557-b00323b3bd32;2026-09-21 12:00:09.150424+00
d21e8dcf-a270-4d50-9c40-44a5f50525d6;BWT-ZQP-UCW-SRJ-U1;viewed;User viewed the Category List screen;category_list_screen;1789979223638;;7b5c6d2548de4ec7a84335c592c2d05b;Bangladesh - Bangla;;BWT-ZQP-UCW-SRJ-U1_69e74c2a-6509-4022-9630-4be607976d14;2026-09-21 12:00:09.189603+00
6c8eb129-deaa-4a3b-b6b7-2be5fb319385;BWT-ZQP-UCW-SRJ-U1;viewed;User viewed onboarding screen;onboarding_screen;1789979227410;;7b5c6d2548de4ec7a84335c592c2d05b;Bangladesh - Bangla;;BWT-ZQP-UCW-SRJ-U1_69e74c2a-6509-4022-9630-4be607976d14;2026-09-21 12:00:09.189606+00
"04517eab-10f6-4b7e-8016-20dfbf09c919";BWT-ZQP-UCW-SRJ-U1;viewed;"User viewed ""Why we need your data"" modal";onboarding_screen;1789979366899;;7b5c6d2548de4ec7a84335c592c2d05b;Bangladesh - Bangla;;BWT-ZQP-UCW-SRJ-U1_69e74c2a-6509-4022-9630-4be607976d14;2026-09-21 12:00:09.189608+00
34cc9bbc-35fa-406b-9904-a3d85c2c63d9;BWT-ZQP-UCW-SRJ-U1;viewed;User viewed the onboarding survey screen;onboarding_survey_screen;1789979386405;;7b5c6d2548de4ec7a84335c592c2d05b;Bangladesh - Bangla;;BWT-ZQP-UCW-SRJ-U1_69e74c2a-6509-4022-9630-4be607976d14;2026-09-21 12:00:09.189609+00
5d39fc85-d98c-48ae-bcf4-32591a411319;BWT-ZQP-UCW-SRJ-U1;completed;User completed the onboarding survey;onboarding_survey_screen;1789979406612;;7b5c6d2548de4ec7a84335c592c2d05b;Bangladesh - Bangla;;BWT-ZQP-UCW-SRJ-U1_69e74c2a-6509-4022-9630-4be607976d14;2026-09-21 12:00:09.189611+00
faa3e680-2f09-4260-97e3-822fb251ee17;BWT-ZQP-UCW-SRJ-U1;viewed;User viewed the Onboarding Complete screen;onboarding_complete_screen;1789979406640;;7b5c6d2548de4ec7a84335c592c2d05b;Bangladesh - Bangla;;BWT-ZQP-UCW-SRJ-U1_69e74c2a-6509-4022-9630-4be607976d14;2026-09-21 12:00:09.189613+00
1b3ca910-a992-4df1-8cc1-61ab08e16b27;BWT-ZQP-UCW-SRJ-U1;completed;User completed onboarding;onboarding_complete_screen;1789979408789;;7b5c6d2548de4ec7a84335c592c2d05b;Bangladesh - Bangla;;BWT-ZQP-UCW-SRJ-U1_69e74c2a-6509-4022-9630-4be607976d14;2026-09-21 12:00:09.189615+00
a0ab55a8-6ccb-435d-b4b8-a92b626ecccc;BWT-ZQP-UCW-SRJ-U1;viewed;User viewed the Home screen;home_screen;1789979408937;;7b5c6d2548de4ec7a84335c592c2d05b;Bangladesh - Bangla;;BWT-ZQP-UCW-SRJ-U1_69e74c2a-6509-4022-9630-4be607976d14;2026-09-21 12:00:09.189617+00
37bc3224-ea39-4181-9fe8-740788cf41b7;BWT-ZQP-UCW-SRJ-U1;viewed;User viewed the Settings Feedback screen;settings_feedback_screen;1789979416364;;7b5c6d2548de4ec7a84335c592c2d05b;Bangladesh - Bangla;;BWT-ZQP-UCW-SRJ-U1_69e74c2a-6509-4022-9630-4be607976d14;2026-09-21 12:00:09.189618+00
96e50024-6c69-4827-bc15-976ccf6d6eee;BWT-ZQP-UCW-SRJ-U1;viewed;User viewed the Modules screen with available categories and modules;modules_screen;1789979430124;;7b5c6d2548de4ec7a84335c592c2d05b;Bangladesh - Bangla;;BWT-ZQP-UCW-SRJ-U1_69e74c2a-6509-4022-9630-4be607976d14;2026-09-21 12:00:09.18962+00
"0ad8e0aa-a6c9-404d-804d-ba1824df690f";BWT-ZQP-UCW-SRJ-U1;viewed;User viewed the Search screen;search_screen;1789979434921;;7b5c6d2548de4ec7a84335c592c2d05b;Bangladesh - Bangla;"{""keyword"": """", ""result_ids"": ""[]"", ""result_count"": ""0"", ""active_filters"": """"}";BWT-ZQP-UCW-SRJ-U1_69e74c2a-6509-4022-9630-4be607976d14;2026-09-21 12:00:09.190599+00
71015349-0063-4ccf-9b78-ad64886670d9;BWT-ZQP-UCW-SRJ-U1;viewed;User viewed the MyLearning screen;my_learning_screen;1789979437477;;7b5c6d2548de4ec7a84335c592c2d05b;Bangladesh - Bangla;;BWT-ZQP-UCW-SRJ-U1_69e74c2a-6509-4022-9630-4be607976d14;2026-09-21 12:00:09.190886+00
6e539337-5f9a-4f17-9264-92f1b1ed982a;BWT-ZQP-UCW-SRJ-U1;viewed;User viewed the User Profile screen;user_profile_screen;1789979440196;;7b5c6d2548de4ec7a84335c592c2d05b;Bangladesh - Bangla;;BWT-ZQP-UCW-SRJ-U1_69e74c2a-6509-4022-9630-4be607976d14;2026-09-21 12:00:09.190889+00
ded30ed2-fed0-4a75-af82-957494321051;BWT-ZQP-UCW-SRJ-U1;viewed;User viewed Notification Screen;notification_screen;1789979450985;;7b5c6d2548de4ec7a84335c592c2d05b;Bangladesh - Bangla;;BWT-ZQP-UCW-SRJ-U1_69e74c2a-6509-4022-9630-4be607976d14;2026-09-21 12:00:09.190891+00
ad740eb1-9a06-49ac-9af6-0e2940ff9c5b;BWT-ZQP-VEP-RZQ-U1;viewed;User viewed the Category List screen;category_list_screen;1789979426647;;47d3527babd24e5594eec3fa42b681e0;Ethiopia - Afaan Oromo;;BWT-ZQP-VEP-RZQ-U1_e0f9c67b-4b1a-4c5c-9140-ab9bbd635d0c;2026-09-21 12:00:09.240442+00
cfa9dbe5-ddfe-4f85-b381-96820f706893;BWT-ZQP-YKS-ITJ-U1;viewed;User viewed the Category List screen;category_list_screen;1789979440614;;bd7c3bea339c467f880a8bca6d2ef2c1;Portuguese;;BWT-ZQP-YKS-ITJ-U1_4086330b-4e31-4955-8360-ec3ec0567e9a;2026-09-21 12:00:09.27926+00
4c9160ed-ffed-48ab-baa3-d3335783046e;BWT-ZQP-YKS-ITJ-U1;viewed;User viewed onboarding screen;onboarding_screen;1789979444126;;bd7c3bea339c467f880a8bca6d2ef2c1;Portuguese;;BWT-ZQP-YKS-ITJ-U1_4086330b-4e31-4955-8360-ec3ec0567e9a;2026-09-21 12:00:09.279262+00
f0e95e84-af45-4568-936f-f927a8f380ee;BWT-ZQP-YKS-ITJ-U1;viewed;User viewed the Category List screen;category_list_screen;1789979465571;;bd7c3bea339c467f880a8bca6d2ef2c1;Portuguese;;BWT-ZQP-YKS-ITJ-U1_4086330b-4e31-4955-8360-ec3ec0567e9a;2026-09-21 12:00:09.279264+00
f1aad5ee-8645-4e46-ad20-0da1763dc955;BWT-ZQS-GSA-ZLS-U1;viewed;User viewed the Language List screen;language_list_screen;1789979541706;;dbfe8365037d40de961aaeabf7ede35e;Spanish;"{""device_model"": ""sdk_goog3_gpc_x86_64""}";BWT-ZQS-GSA-ZLS-U1_8864518c-3e4e-4c38-b6a8-298df3700b0e;2026-09-21 12:00:09.38299+00
93ba7692-ee51-432f-826d-29dae527cb89;BWT-ZQU-NAR-GIA-U1;viewed;User viewed the Language List screen;language_list_screen;1789979545641;;;;"{""device_model"": ""sdk_gphone16k_arm64""}";BWT-ZQU-NAR-GIA-U1_2b84a164-6854-4f37-8ea3-a0d372383616;2026-09-21 12:00:09.416273+00
25c7aba0-f50f-48fb-acce-eb857b881872;BWT-ZQU-ONS-IXD-U1;viewed;User viewed the Language List screen;language_list_screen;1789979550353;;;;"{""device_model"": ""sdk_gphone16k_arm64""}";BWT-ZQU-ONS-IXD-U1_cb76f6b9-5165-4413-b2e6-83eeacad6229;2026-09-21 12:00:09.452053+00
d631796c-1334-4e04-b221-ff2c4735cd00;BWT-ZQT-AJV-QMH-U1;viewed;User viewed the Language List screen;language_list_screen;1789979530397;;3de161d3576648868cb0e8ce72b5fe81;Benin;"{""device_model"": ""SM-S918U1""}";BWT-ZQT-AJV-QMH-U1_993733a5-2241-48d2-b585-ea212a3103b1;2026-09-21 12:00:09.561308+00
3f5963e9-ebf6-4716-bd78-e8ca2299b99c;BWT-ZQT-MRS-CUC-U1;viewed;User viewed the Category List screen;category_list_screen;1789979578720;;d2c99bcb8ce7481bb80583b091c6e715;India - Marathi;;BWT-ZQT-MRS-CUC-U1_348c921f-0d2a-470d-8efb-f34bfa2a43b4;2026-09-21 12:00:09.606491+00
8661f259-94f3-4c89-a58c-ca43a3316616;BWT-ZQU-ONS-IXD-U1;viewed;User viewed the Category List screen;category_list_screen;1789979567563;;d2c99bcb8ce7481bb80583b091c6e715;Arabic;;BWT-ZQU-ONS-IXD-U1_b71be871-d312-463e-8b4d-6c5256b659f0;2026-09-21 12:00:09.653258+00
a0ea1e81-7a02-40c0-9c64-bd811bf50e6a;BWT-ZQU-ONS-IXD-U1;viewed;User viewed the Category List screen;category_list_screen;1789979590526;;d2c99bcb8ce7481bb80583b091c6e715;Arabic;;BWT-ZQU-ONS-IXD-U1_b71be871-d312-463e-8b4d-6c5256b659f0;2026-09-21 12:00:09.653261+00
74728e87-e9a4-4ed3-a967-19eb42f18272;BWT-ZQU-NAR-GIA-U1;viewed;User viewed the Category List screen;category_list_screen;1789979553030;;f3195a61b68d4fdb84ae729e8d0aaccc;French;;BWT-ZQU-NAR-GIA-U1_4cfe1258-20f8-4eda-b254-ffc0973565ea;2026-09-21 12:00:09.784522+00
a1217769-50c7-4771-9e0a-977d8d09a9a5;BWT-ZQS-BFD-BKX-U1;viewed;User viewed the Category List screen;category_list_screen;1789979458409;;d2c99bcb8ce7481bb80583b091c6e715;Arabic;"{""device_model"": ""OnePlus8Pro""}";BWT-ZQS-BFD-BKX-U1_72c19d85-4352-47be-bcce-e9387c8f28e4;2026-09-21 12:00:09.818565+00
181d6571-a564-441b-8ee5-64c9c48282c5;BWT-ZQS-BFD-BKX-U1;viewed;User viewed onboarding screen;onboarding_screen;1789979461509;;d2c99bcb8ce7481bb80583b091c6e715;Arabic;"{""device_model"": ""OnePlus8Pro""}";BWT-ZQS-BFD-BKX-U1_72c19d85-4352-47be-bcce-e9387c8f28e4;2026-09-21 12:00:09.818568+00
35f11e97-92c3-4e1c-bf2a-1e0820d5dc4d;BWT-ZQS-BFD-BKX-U1;viewed;User viewed the Category List screen;category_list_screen;1789979478835;;d2c99bcb8ce7481bb80583b091c6e715;Arabic;"{""device_model"": ""OnePlus8Pro""}";BWT-ZQS-BFD-BKX-U1_72c19d85-4352-47be-bcce-e9387c8f28e4;2026-09-21 12:00:09.81857+00
5313b924-c6b2-4eba-a545-d379126382b8;BWT-ZQS-BFD-BKX-U1;viewed;User viewed the Category List screen;category_list_screen;1789979484118;;d2c99bcb8ce7481bb80583b091c6e715;Arabic;"{""device_model"": ""OnePlus8Pro""}";BWT-ZQS-BFD-BKX-U1_72c19d85-4352-47be-bcce-e9387c8f28e4;2026-09-21 12:00:09.818571+00
668457b6-467e-4aad-88a3-91b29c5ce4ed;BWT-ZQS-BFD-BKX-U1;viewed;User viewed the Settings Disclaimer screen;settings_disclaimer_screen;1789979492965;;d2c99bcb8ce7481bb80583b091c6e715;Arabic;"{""device_model"": ""OnePlus8Pro""}";BWT-ZQS-BFD-BKX-U1_72c19d85-4352-47be-bcce-e9387c8f28e4;2026-09-21 12:00:09.818573+00
803a4d32-090a-4987-8b62-f98f17e4ec91;BWT-ZQS-BFD-BKX-U1;viewed;User viewed the Category List screen;category_list_screen;1789979505950;;d2c99bcb8ce7481bb80583b091c6e715;Arabic;"{""device_model"": ""OnePlus8Pro""}";BWT-ZQS-BFD-BKX-U1_72c19d85-4352-47be-bcce-e9387c8f28e4;2026-09-21 12:00:09.818575+00
abc8a0ed-ca2d-418f-a15a-26931951b7d4;BWT-ZQS-BFD-BKX-U1;viewed;User viewed onboarding screen;onboarding_screen;1789979511613;;d2c99bcb8ce7481bb80583b091c6e715;Arabic;"{""device_model"": ""OnePlus8Pro""}";BWT-ZQS-BFD-BKX-U1_72c19d85-4352-47be-bcce-e9387c8f28e4;2026-09-21 12:00:09.818577+00
65ff1daa-9c10-4bf2-8328-4425a3119863;BWT-ZQS-BFD-BKX-U1;viewed;User viewed the Category List screen;category_list_screen;1789979521162;;d2c99bcb8ce7481bb80583b091c6e715;Arabic;"{""device_model"": ""OnePlus8Pro""}";BWT-ZQS-BFD-BKX-U1_72c19d85-4352-47be-bcce-e9387c8f28e4;2026-09-21 12:00:09.818578+00
2a94f6a2-760e-4784-9325-ed5205a0e146;BWT-ZQS-BFD-BKX-U1;viewed;User viewed the Category List screen;category_list_screen;1789979597191;;d2c99bcb8ce7481bb80583b091c6e715;Arabic;"{""device_model"": ""OnePlus8Pro""}";BWT-ZQS-BFD-BKX-U1_72c19d85-4352-47be-bcce-e9387c8f28e4;2026-09-21 12:00:09.81858+00
4a6146fb-0869-42d9-8eb1-9ac0520e367c;BWT-ZQS-BFD-BKX-U1;viewed;User viewed the Settings Disclaimer screen;settings_disclaimer_screen;1789979605790;;d2c99bcb8ce7481bb80583b091c6e715;Arabic;"{""device_model"": ""OnePlus8Pro""}";BWT-ZQS-BFD-BKX-U1_72c19d85-4352-47be-bcce-e9387c8f28e4;2026-09-21 12:00:09.818581+00
d3b99ac3-422c-43f1-af53-0c2833c705ea;BWT-ZQU-ONS-IXD-U1;viewed;User viewed the Category List screen;category_list_screen;1789979615854;;d2c99bcb8ce7481bb80583b091c6e715;Arabic;"{""device_model"": ""sdk_gphone16k_arm64""}";BWT-ZQU-ONS-IXD-U1_042d0b4f-e3be-4c20-a07f-70e0f7c5915b;2026-09-21 12:00:09.852654+00
6606a739-2301-4f1f-82d9-4a7d02058cb7;BWT-ZQU-ONS-IXD-U1;viewed;User viewed onboarding screen;onboarding_screen;1789979617782;;d2c99bcb8ce7481bb80583b091c6e715;Arabic;"{""device_model"": ""sdk_gphone16k_arm64""}";BWT-ZQU-ONS-IXD-U1_042d0b4f-e3be-4c20-a07f-70e0f7c5915b;2026-09-21 12:00:09.852656+00
3097e051-b2c4-42eb-b767-5dd26784bb5d;BWT-ZQU-ONS-IXD-U1;viewed;User viewed the Settings Disclaimer screen;settings_disclaimer_screen;1789979660792;;d2c99bcb8ce7481bb80583b091c6e715;Arabic;"{""device_model"": ""sdk_gphone16k_arm64""}";BWT-ZQU-ONS-IXD-U1_042d0b4f-e3be-4c20-a07f-70e0f7c5915b;2026-09-21 12:00:09.852659+00
e9d6eaa1-cf0f-47a9-82d5-874c0a83aee3;BWT-ZQU-ONS-IXD-U1;viewed;User viewed the Settings Disclaimer screen;settings_disclaimer_screen;1789979682929;;d2c99bcb8ce7481bb80583b091c6e715;Arabic;"{""device_model"": ""sdk_gphone16k_arm64""}";BWT-ZQU-ONS-IXD-U1_042d0b4f-e3be-4c20-a07f-70e0f7c5915b;2026-09-21 12:00:09.852661+00
d766b9dd-8954-48e5-bd3b-90f1896afae9;BWT-ZQU-ONS-IXD-U1;viewed;User viewed onboarding screen;onboarding_screen;1789979704100;;d2c99bcb8ce7481bb80583b091c6e715;Arabic;"{""device_model"": ""sdk_gphone16k_arm64""}";BWT-ZQU-ONS-IXD-U1_1694f59c-c4b7-40b8-b4a7-a00c64b70066;2026-09-21 12:00:09.885513+00
a2feb4cb-0ae0-4dc9-805e-79232f884ef2;BWT-ZQU-ONS-IXD-U1;viewed;User viewed the Settings Disclaimer screen;settings_disclaimer_screen;1789979706078;;d2c99bcb8ce7481bb80583b091c6e715;Arabic;"{""device_model"": ""sdk_gphone16k_arm64""}";BWT-ZQU-ONS-IXD-U1_1694f59c-c4b7-40b8-b4a7-a00c64b70066;2026-09-21 12:00:09.885515+00
5b4d41a0-2259-4a0e-81c8-091e9c05fadb;BWT-ZQT-MRS-CUC-U1;viewed;User viewed the Category List screen;category_list_screen;1789979608967;;dbfe8365037d40de961aaeabf7ede35e;Portuguese;"{""device_model"": ""moto g(20)""}";BWT-ZQT-MRS-CUC-U1_898155f3-e1f7-4d32-96cb-abd4d395647a;2026-09-21 12:00:09.931426+00
74f0ef81-390b-4544-a053-538fa1f91906;BWT-ZQT-MRS-CUC-U1;viewed;User viewed the Language List screen;language_list_screen;1789979686652;;dbfe8365037d40de961aaeabf7ede35e;Portuguese;"{""device_model"": ""moto g(20)""}";BWT-ZQT-MRS-CUC-U1_898155f3-e1f7-4d32-96cb-abd4d395647a;2026-09-21 12:00:09.931429+00
ef1d9b1b-377b-426a-97b3-7b0bacab7fa2;BWT-ZQT-MRS-CUC-U1;viewed;User viewed the Category List screen;category_list_screen;1789979741848;;dbfe8365037d40de961aaeabf7ede35e;Portuguese;"{""device_model"": ""moto g(20)""}";BWT-ZQT-MRS-CUC-U1_898155f3-e1f7-4d32-96cb-abd4d395647a;2026-09-21 12:00:09.931431+00
5ca62346-eefe-464d-aaa1-a6dc5d2858a1;BWT-ZRK-XWO-ZWB-U1;viewed;User viewed the Language List screen;language_list_screen;1789980865170;;;;"{""device_model"": ""OnePlus8Pro""}";BWT-ZRK-XWO-ZWB-U1_f65c84c4-a9de-449e-84d5-0da23d1d1076;2026-09-21 12:00:09.966676+00
445db54a-d067-4f59-a6f6-4288c4f4ccb3;BWT-ZRK-XWO-ZWB-U1;viewed;User viewed the Language List screen;language_list_screen;1789981078229;;d2c99bcb8ce7481bb80583b091c6e715;Arabic;"{""device_model"": ""OnePlus8Pro""}";BWT-ZRK-XWO-ZWB-U1_4835b973-bcf1-4935-b530-a95960e119de;2026-09-21 12:00:10.06025+00
741a9ef6-ccbc-48bc-9b25-764e8d23d630;BWT-ZRK-XWO-ZWB-U1;viewed;User viewed the Category List screen;category_list_screen;1789981125773;;d2c99bcb8ce7481bb80583b091c6e715;Arabic;"{""device_model"": ""OnePlus8Pro""}";BWT-ZRK-XWO-ZWB-U1_4835b973-bcf1-4935-b530-a95960e119de;2026-09-21 12:00:10.060252+00
583ab712-7542-4a2e-8420-7bf657ef6a66;BWT-ZRK-XWO-ZWB-U1;viewed;User viewed the Category List screen;category_list_screen;1789981136414;;d2c99bcb8ce7481bb80583b091c6e715;Arabic;"{""device_model"": ""OnePlus8Pro""}";BWT-ZRK-XWO-ZWB-U1_4835b973-bcf1-4935-b530-a95960e119de;2026-09-21 12:00:10.060254+00
b573b6b3-caa9-4329-a8fe-7e618aae2179;BWT-ZRK-XWO-ZWB-U1;viewed;User viewed onboarding screen;onboarding_screen;1789981167648;;d2c99bcb8ce7481bb80583b091c6e715;Arabic;"{""device_model"": ""OnePlus8Pro""}";BWT-ZRK-XWO-ZWB-U1_4835b973-bcf1-4935-b530-a95960e119de;2026-09-21 12:00:10.060256+00
94a1117c-d04e-4a8e-a6a7-f5c57dd531c6;BWT-ZRK-XWO-ZWB-U1;viewed;User viewed the Category List screen;category_list_screen;1789981195049;;d2c99bcb8ce7481bb80583b091c6e715;Arabic;"{""device_model"": ""OnePlus8Pro""}";BWT-ZRK-XWO-ZWB-U1_4835b973-bcf1-4935-b530-a95960e119de;2026-09-21 12:00:10.060258+00
618af16b-2c7e-481e-8c34-c33a69435d18;BWT-ZRK-XWO-ZWB-U1;viewed;User viewed the Category List screen;category_list_screen;1789981214368;;d2c99bcb8ce7481bb80583b091c6e715;Arabic;"{""device_model"": ""OnePlus8Pro""}";BWT-ZRK-XWO-ZWB-U1_4835b973-bcf1-4935-b530-a95960e119de;2026-09-21 12:00:10.060259+00
123331e9-58ba-4fa0-976f-5e2b93a36b86;BWT-ZRK-XWO-ZWB-U1;viewed;User viewed the Settings Disclaimer screen;settings_disclaimer_screen;1789981231415;;d2c99bcb8ce7481bb80583b091c6e715;Arabic;"{""device_model"": ""OnePlus8Pro""}";BWT-ZRK-XWO-ZWB-U1_4835b973-bcf1-4935-b530-a95960e119de;2026-09-21 12:00:10.060261+00
7eecbcec-4448-440f-9be1-b19c31fe7f8a;BWT-ZRK-XWO-ZWB-U1;viewed;User viewed the Settings Disclaimer screen;settings_disclaimer_screen;1789981256416;;d2c99bcb8ce7481bb80583b091c6e715;Arabic;"{""device_model"": ""OnePlus8Pro""}";BWT-ZRK-XWO-ZWB-U1_4835b973-bcf1-4935-b530-a95960e119de;2026-09-21 12:00:10.060263+00
9da9572e-c154-4a4e-aea5-0eff19129815;BWT-ZRK-XWO-ZWB-U1;viewed;User viewed the Settings Disclaimer screen;settings_disclaimer_screen;1789981317110;;d2c99bcb8ce7481bb80583b091c6e715;Arabic;"{""device_model"": ""OnePlus8Pro""}";BWT-ZRK-XWO-ZWB-U1_4835b973-bcf1-4935-b530-a95960e119de;2026-09-21 12:00:10.060265+00
b44e036f-3b15-4786-bb84-bbb09cc961c1;BWT-ZRK-XWO-ZWB-U1;viewed;User viewed the Category List screen;category_list_screen;1789981324424;;d2c99bcb8ce7481bb80583b091c6e715;Arabic;"{""device_model"": ""OnePlus8Pro""}";BWT-ZRK-XWO-ZWB-U1_4835b973-bcf1-4935-b530-a95960e119de;2026-09-21 12:00:10.060266+00
61a55f2e-91f2-4998-a66e-86132b98609b;BWT-ZRK-XWO-ZWB-U1;viewed;User viewed onboarding screen;onboarding_screen;1789981345763;;d2c99bcb8ce7481bb80583b091c6e715;Arabic;"{""device_model"": ""OnePlus8Pro""}";BWT-ZRK-XWO-ZWB-U1_4835b973-bcf1-4935-b530-a95960e119de;2026-09-21 12:00:10.060268+00
3975b99d-e46c-402a-a72d-5285cb91a59d;BWT-ZRK-XWO-ZWB-U1;viewed;User viewed the Settings Disclaimer screen;settings_disclaimer_screen;1789981358591;;d2c99bcb8ce7481bb80583b091c6e715;Arabic;"{""device_model"": ""OnePlus8Pro""}";BWT-ZRK-XWO-ZWB-U1_4835b973-bcf1-4935-b530-a95960e119de;2026-09-21 12:00:10.06027+00
df4db089-e202-4e21-af7c-44ee2bcfc489;BWT-ZRK-XWO-ZWB-U1;viewed;User viewed the Settings Disclaimer screen;settings_disclaimer_screen;1789981413280;;d2c99bcb8ce7481bb80583b091c6e715;Arabic;"{""device_model"": ""OnePlus8Pro""}";BWT-ZRK-XWO-ZWB-U1_4835b973-bcf1-4935-b530-a95960e119de;2026-09-21 12:00:10.060271+00
849b057c-b2fe-4959-b83f-39e8bbc243a9;BWT-ZRK-XWO-ZWB-U1;viewed;User viewed the Settings Disclaimer screen;settings_disclaimer_screen;1789981431887;;d2c99bcb8ce7481bb80583b091c6e715;Arabic;"{""device_model"": ""OnePlus8Pro""}";BWT-ZRK-XWO-ZWB-U1_4835b973-bcf1-4935-b530-a95960e119de;2026-09-21 12:00:10.060273+00
1e97ac1e-3d1e-4cb2-9356-a4c2a4586746;BWT-ZRK-XWO-ZWB-U1;viewed;User viewed the Settings Disclaimer screen;settings_disclaimer_screen;1789981451242;;d2c99bcb8ce7481bb80583b091c6e715;Arabic;"{""device_model"": ""OnePlus8Pro""}";BWT-ZRK-XWO-ZWB-U1_4835b973-bcf1-4935-b530-a95960e119de;2026-09-21 12:00:10.060275+00
65da3bd2-59d2-43bd-8ed8-1c236e8cf9a8;BWT-YQA-NMG-OIO-U1;viewed;User viewed the Modules screen with available categories and modules;modules_screen;1789970251571;;;;;BWT-YQA-NMG-OIO-U1_3f14a079-9d91-4de9-bb5d-2276d83e8148;2026-09-21 12:00:10.098109+00
bda88fd0-b418-43a2-99a2-241249efe24a;BWT-ZXX-ZYC-YZW-U1;viewed;User viewed the Language List screen;language_list_screen;1789994446384;;;;"{""device_model"": ""Redfin 64-bit only""}";BWT-ZXX-ZYC-YZW-U1_8f443920-0589-4863-a1e3-2c03cc5ae9e5;2026-09-22 00:00:12.223876+00
746aca91-aa2a-4e22-a977-9b346d435f81;BWU-CNN-JZQ-WIK-U1;viewed;User viewed the Language List screen;language_list_screen;1790135589590;;;;"{""device_model"": ""RMX3842""}";BWU-CNN-JZQ-WIK-U1_8be5c4a4-36ef-4d2d-9499-053871455cee;2026-09-23 05:10:50.665773+00
6d5d710d-f79e-458c-a021-b76916b0a994;BWT-YQA-NMG-OIO-U1;viewed;User viewed the User Profile screen;user_profile_screen;1790074529528;;;;;BWT-YQA-NMG-OIO-U1_78853914-c168-4905-8a64-2ca633e803f4;2026-09-23 12:00:18.723195+00
5eba1b5d-add4-4a9a-8fc4-7887e6d8cd60;BWU-DHU-QUH-LOB-U1;viewed;User viewed the Language List screen;language_list_screen;1790177942529;;;;"{""device_model"": ""SM-A165F""}";BWU-DHU-QUH-LOB-U1_dc106164-07a8-4295-8814-c2b7a970f83a;2026-09-24 00:00:10.484288+00
d7d98e07-f8ab-46d5-af05-6016b529e6d9;BWU-DHU-QUH-LOB-U1;viewed;User viewed the Category List screen;category_list_screen;1790177975948;;289c0715e027451abc8edfdb361119bf;English;;BWU-DHU-QUH-LOB-U1_453fad6e-be90-43ba-bc15-45fe3b308cfe;2026-09-24 00:00:10.538684+00
3e034c4b-f844-4ac6-9f0a-11ca55dfe0a2;BWU-DHU-QUH-LOB-U1;viewed;User viewed onboarding screen;onboarding_screen;1790177985598;;289c0715e027451abc8edfdb361119bf;English;;BWU-DHU-QUH-LOB-U1_453fad6e-be90-43ba-bc15-45fe3b308cfe;2026-09-24 00:00:10.538687+00
8a23e03a-8e25-47c7-b4d5-a59752f6db24;BWU-DHU-QUH-LOB-U1;viewed;User viewed onboarding screen;onboarding_screen;1790215906741;;289c0715e027451abc8edfdb361119bf;English;"{""device_model"": ""SM-A165F""}";BWU-DHU-QUH-LOB-U1_3943c8ef-92da-4cd3-a2de-d5740e4b4850;2026-09-24 12:00:06.832852+00
9fd583b2-cc84-4f37-829b-9ba1e39753a6;BWU-DHU-QUH-LOB-U1;viewed;User viewed the onboarding survey screen;onboarding_survey_screen;1790216076032;;289c0715e027451abc8edfdb361119bf;English;"{""device_model"": ""SM-A165F""}";BWU-DHU-QUH-LOB-U1_3943c8ef-92da-4cd3-a2de-d5740e4b4850;2026-09-24 12:00:06.832856+00
cacb2e67-2f83-40ac-98b1-8884408e7007;BWU-DHU-QUH-LOB-U1;completed;User completed the onboarding survey;onboarding_survey_screen;1790216260475;;;;;BWU-DHU-QUH-LOB-U1_e408fd19-8e9e-4275-b75d-6cac9446252d;2026-09-24 12:00:06.880799+00
ef649aba-9721-4ba2-9f00-343136ae2c89;BWU-DHU-QUH-LOB-U1;viewed;User viewed the Onboarding Complete screen;onboarding_complete_screen;1790216260498;;;;;BWU-DHU-QUH-LOB-U1_e408fd19-8e9e-4275-b75d-6cac9446252d;2026-09-24 12:00:06.880803+00
f42705eb-40e4-438a-a7d1-3cab7bd611c4;BWU-DHU-QUH-LOB-U1;completed;User completed onboarding;onboarding_complete_screen;1790216265628;;;;;BWU-DHU-QUH-LOB-U1_e408fd19-8e9e-4275-b75d-6cac9446252d;2026-09-24 12:00:06.880805+00
39469f73-a1e6-4251-9b7a-dd3163c463ce;BWU-DHU-QUH-LOB-U1;viewed;User viewed the Home screen;home_screen;1790216265784;;;;;BWU-DHU-QUH-LOB-U1_e408fd19-8e9e-4275-b75d-6cac9446252d;2026-09-24 12:00:06.880807+00
6b11ba33-5c5e-4e02-aa62-b0c1f33ff905;BWU-DHU-QUH-LOB-U1;viewed;User viewed the MyLearning screen;my_learning_screen;1790216374947;;;;;BWU-DHU-QUH-LOB-U1_e408fd19-8e9e-4275-b75d-6cac9446252d;2026-09-24 12:00:06.880809+00
15fe30c3-ec01-4da3-89b9-341c0800ea7c;BWU-DHU-QUH-LOB-U1;viewed;User viewed the User Profile screen;user_profile_screen;1790216387758;;;;;BWU-DHU-QUH-LOB-U1_e408fd19-8e9e-4275-b75d-6cac9446252d;2026-09-24 12:00:06.880811+00
9d60c0c9-9548-4ea5-9d0b-bf1a17d31e02;BWU-DHU-QUH-LOB-U1;viewed;User viewed the User Profile screen;user_profile_screen;1790216411348;;289c0715e027451abc8edfdb361119bf;English;;BWU-DHU-QUH-LOB-U1_419dfa72-6082-4ca1-9ae0-f64b3eb83a77;2026-09-24 12:00:06.914178+00
90d54bbd-397b-4ef2-857d-a8a8b64fcd83;BWU-DHU-QUH-LOB-U1;viewed;User viewed the User Profile screen;user_profile_screen;1790216437588;;289c0715e027451abc8edfdb361119bf;English;;BWU-DHU-QUH-LOB-U1_a7a728e0-dd21-4582-a56c-eb937b8b4e1c;2026-09-24 12:00:06.961984+00
a22febf9-873f-4710-b7bd-3321de879d35;BWU-DHU-QUH-LOB-U1;viewed;User viewed MyLearning Landing Screen;my_learning_landing_screen;1790216438343;;289c0715e027451abc8edfdb361119bf;English;;BWU-DHU-QUH-LOB-U1_a7a728e0-dd21-4582-a56c-eb937b8b4e1c;2026-09-24 12:00:06.961987+00
27f0c28c-4749-479e-b392-de2269a6dd4b;BWU-ENN-GOW-KWO-U1;viewed;User viewed the Language List screen;language_list_screen;1790244988465;;;;"{""device_model"": ""SM-A055F""}";BWU-ENN-GOW-KWO-U1_7aa76ac5-5095-48fb-a3fb-4b1cd00c4ded;2026-09-24 12:00:07.010359+00
127a52c3-61d2-4c11-a26b-b00eba850b9b;BWU-ENN-GOW-KWO-U1;viewed;User viewed the Language List screen;language_list_screen;1790246265704;;289c0715e027451abc8edfdb361119bf;English;"{""device_model"": ""SM-A055F""}";BWU-ENN-GOW-KWO-U1_dbd5bf98-987f-425f-bb0c-ddc3d4ca6a42;2026-09-24 12:00:07.087533+00
c8458a1c-ecaf-4053-9f2d-34428c2adb16;BWU-ENN-GOW-KWO-U1;viewed;User viewed the Language List screen;language_list_screen;1790247697452;;289c0715e027451abc8edfdb361119bf;English;"{""device_model"": ""SM-A055F""}";BWU-ENN-GOW-KWO-U1_dbd5bf98-987f-425f-bb0c-ddc3d4ca6a42;2026-09-24 12:00:07.087535+00
34ba7ade-8aba-46c0-aa2e-7222c5da1cdc;BWU-ENN-GOW-KWO-U1;viewed;User viewed the Category List screen;category_list_screen;1790247797996;;d6e10239c4eb4b90b3cbb9ae1986907d;Ethiopia - English;;BWU-ENN-GOW-KWO-U1_826ae63e-99b3-4690-95d3-b20c9e4db8a1;2026-09-24 12:00:07.120242+00
89d9f72d-7829-489c-8f4a-8287516047e1;BWU-ENN-GOW-KWO-U1;viewed;User viewed onboarding screen;onboarding_screen;1790247863922;;d6e10239c4eb4b90b3cbb9ae1986907d;Ethiopia - English;;BWU-ENN-GOW-KWO-U1_826ae63e-99b3-4690-95d3-b20c9e4db8a1;2026-09-24 12:00:07.120244+00
"0840c983-6e2f-40d1-8df8-ef212b2d46ef";BWU-ENN-GOW-KWO-U1;viewed;User viewed the onboarding survey screen;onboarding_survey_screen;1790247900685;;d6e10239c4eb4b90b3cbb9ae1986907d;Ethiopia - English;;BWU-ENN-GOW-KWO-U1_826ae63e-99b3-4690-95d3-b20c9e4db8a1;2026-09-24 12:00:07.120246+00
71481db5-5528-4a82-b3ae-089c0906bac0;BWU-ENN-GOW-KWO-U1;completed;User completed the onboarding survey;onboarding_survey_screen;1790247979918;;d6e10239c4eb4b90b3cbb9ae1986907d;Ethiopia - English;;BWU-ENN-GOW-KWO-U1_826ae63e-99b3-4690-95d3-b20c9e4db8a1;2026-09-24 12:00:07.120248+00
6d229013-1d69-4d80-8189-e3bf18f917bc;BWU-ENN-GOW-KWO-U1;viewed;User viewed the Onboarding Complete screen;onboarding_complete_screen;1790247979988;;d6e10239c4eb4b90b3cbb9ae1986907d;Ethiopia - English;;BWU-ENN-GOW-KWO-U1_826ae63e-99b3-4690-95d3-b20c9e4db8a1;2026-09-24 12:00:07.12025+00
f85aba45-766f-45f4-8086-38c7e5fa4373;BWU-ENN-GOW-KWO-U1;viewed;User viewed onboarding screen;onboarding_screen;1790250014466;;d6e10239c4eb4b90b3cbb9ae1986907d;Ethiopia - English;;BWU-ENN-GOW-KWO-U1_8170d1d2-a006-42a9-81ac-336660887702;2026-09-24 12:00:07.338741+00
6f46185e-586e-4d68-b1d2-8b19fc54ef0a;BWU-ENN-GOW-KWO-U1;viewed;User viewed the onboarding survey screen;onboarding_survey_screen;1790250014650;;d6e10239c4eb4b90b3cbb9ae1986907d;Ethiopia - English;;BWU-ENN-GOW-KWO-U1_7b07b7d2-62b0-45c9-aca3-fcfe2c5e1f03;2026-09-24 12:00:07.338744+00
cf98c8d6-6ed9-4403-9e4c-66676436c234;BWU-ENN-GOW-KWO-U1;viewed;User viewed the Onboarding Complete screen;onboarding_complete_screen;1790250016566;;d6e10239c4eb4b90b3cbb9ae1986907d;Ethiopia - English;;BWU-ENN-GOW-KWO-U1_616f749e-4c0e-46f9-9e51-813f6d6775b9;2026-09-24 12:00:07.338745+00
124abab3-ef12-4027-b6c2-4ce58f6f64c1;BWU-ENN-GOW-KWO-U1;completed;User completed onboarding;onboarding_complete_screen;1790250023753;;d6e10239c4eb4b90b3cbb9ae1986907d;Ethiopia - English;;BWU-ENN-GOW-KWO-U1_616f749e-4c0e-46f9-9e51-813f6d6775b9;2026-09-24 12:00:07.338747+00
95306b2c-8135-4efb-9aa9-e40e8d498650;BWU-ENN-GOW-KWO-U1;viewed;User viewed the Home screen;home_screen;1790250023857;;d6e10239c4eb4b90b3cbb9ae1986907d;Ethiopia - English;;BWU-ENN-GOW-KWO-U1_616f749e-4c0e-46f9-9e51-813f6d6775b9;2026-09-24 12:00:07.338748+00
a35007bf-36e8-45bb-b04d-0966185a3ad3;BWU-ENN-GOW-KWO-U1;viewed;User viewed the MyLearning screen;my_learning_screen;1790250114011;;d6e10239c4eb4b90b3cbb9ae1986907d;Ethiopia - English;;BWU-ENN-GOW-KWO-U1_345ae20f-a56d-455a-a845-1f29270c3134;2026-09-25 00:00:31.103789+00
f58520bd-0bcc-4e9f-ad24-ab7a79b71926;BWU-ENN-GOW-KWO-U1;viewed;User viewed the User Profile screen;user_profile_screen;1790250147611;;d6e10239c4eb4b90b3cbb9ae1986907d;Ethiopia - English;;BWU-ENN-GOW-KWO-U1_345ae20f-a56d-455a-a845-1f29270c3134;2026-09-25 00:00:31.103793+00
cc525c3c-990e-45cc-b044-d79f2a4de25c;BWU-ENN-GOW-KWO-U1;viewed;User viewed the Modules screen with available categories and modules;modules_screen;1790250390590;;d6e10239c4eb4b90b3cbb9ae1986907d;Ethiopia - English;;BWU-ENN-GOW-KWO-U1_345ae20f-a56d-455a-a845-1f29270c3134;2026-09-25 00:00:31.103795+00
8e2f6632-04f8-4ed5-89c2-cb0183d1a6d1;BWU-ENN-GOW-KWO-U1;viewed;User viewed the Home screen;home_screen;1790250399277;;d6e10239c4eb4b90b3cbb9ae1986907d;Ethiopia - English;;BWU-ENN-GOW-KWO-U1_345ae20f-a56d-455a-a845-1f29270c3134;2026-09-25 00:00:31.103796+00
73700582-9730-428a-b384-4afbdd3911d7;BWU-ENN-GOW-KWO-U1;clicked;User clicked on Quick Access button;home_screen;1790250404173;;d6e10239c4eb4b90b3cbb9ae1986907d;Ethiopia - English;"{""button_id"": ""drugs""}";BWU-ENN-GOW-KWO-U1_345ae20f-a56d-455a-a845-1f29270c3134;2026-09-25 00:00:31.104537+00
73d5a055-16ca-4bf2-a378-aa6646be6ea4;BWU-ENN-GOW-KWO-U1;viewed;User viewed the Drug List screen containing all available drugs;drug_list_screen;1790250404175;;d6e10239c4eb4b90b3cbb9ae1986907d;Ethiopia - English;"{""listType"": ""all""}";BWU-ENN-GOW-KWO-U1_345ae20f-a56d-455a-a845-1f29270c3134;2026-09-25 00:00:31.10454+00
7d862e34-c0cf-43f8-aa81-4728e6e77377;BWU-ENN-GOW-KWO-U1;viewed;User viewed onboarding screen;onboarding_screen;1790251372595;;d6e10239c4eb4b90b3cbb9ae1986907d;Ethiopia - English;"{""device_model"": ""SM-A055F""}";BWU-ENN-GOW-KWO-U1_4a2cc5a0-1ede-4bd9-ab24-4c1d08ca102a;2026-09-25 00:00:31.153109+00
"08c5f849-754b-46b8-aaa8-014421fa944f";BWU-ENN-GOW-KWO-U1;viewed;User viewed the onboarding survey screen;onboarding_survey_screen;1790251372758;;d6e10239c4eb4b90b3cbb9ae1986907d;Ethiopia - English;"{""device_model"": ""SM-A055F""}";BWU-ENN-GOW-KWO-U1_09ddfb6d-a309-4735-9af5-af3671673295;2026-09-25 00:00:31.153112+00
"03205fc7-e203-403a-bef9-53cd9752fb43";BWU-ENN-GOW-KWO-U1;viewed;User viewed the Onboarding Complete screen;onboarding_complete_screen;1790251374638;;d6e10239c4eb4b90b3cbb9ae1986907d;Ethiopia - English;"{""device_model"": ""SM-A055F""}";BWU-ENN-GOW-KWO-U1_6a880c3d-09b2-4695-af27-719b16a7cd44;2026-09-25 00:00:31.153113+00
325be3cf-ee27-43de-ad26-f639562c3394;BWU-ENN-GOW-KWO-U1;completed;User completed onboarding;onboarding_complete_screen;1790251379851;;d6e10239c4eb4b90b3cbb9ae1986907d;Ethiopia - English;"{""device_model"": ""SM-A055F""}";BWU-ENN-GOW-KWO-U1_6a880c3d-09b2-4695-af27-719b16a7cd44;2026-09-25 00:00:31.153115+00
26dbbdf4-9a00-4006-b921-63af7ba3b9d7;BWU-ENN-GOW-KWO-U1;viewed;User viewed the Home screen;home_screen;1790251379966;;d6e10239c4eb4b90b3cbb9ae1986907d;Ethiopia - English;"{""device_model"": ""SM-A055F""}";BWU-ENN-GOW-KWO-U1_6a880c3d-09b2-4695-af27-719b16a7cd44;2026-09-25 00:00:31.153117+00
7b6f849f-9eff-49af-8c2c-b2a036ed8eef;BWU-ENN-GOW-KWO-U1;clicked;User clicked on Quick Access button;home_screen;1790251393162;;d6e10239c4eb4b90b3cbb9ae1986907d;Ethiopia - English;"{""button_id"": ""drugs"", ""device_model"": ""SM-A055F""}";BWU-ENN-GOW-KWO-U1_6a880c3d-09b2-4695-af27-719b16a7cd44;2026-09-25 00:00:31.153118+00
1be5fc99-3f20-4749-87cb-da445eed139b;BWU-ENN-GOW-KWO-U1;viewed;User viewed the Drug List screen containing all available drugs;drug_list_screen;1790251393163;;d6e10239c4eb4b90b3cbb9ae1986907d;Ethiopia - English;"{""listType"": ""all"", ""device_model"": ""SM-A055F""}";BWU-ENN-GOW-KWO-U1_6a880c3d-09b2-4695-af27-719b16a7cd44;2026-09-25 00:00:31.15312+00
60add350-b3ce-4a58-a80e-89d83b99ce45;BWU-ENN-GOW-KWO-U1;viewed;User viewed the Modules screen with available categories and modules;modules_screen;1790251441395;;d6e10239c4eb4b90b3cbb9ae1986907d;Ethiopia - English;"{""device_model"": ""SM-A055F""}";BWU-ENN-GOW-KWO-U1_6a880c3d-09b2-4695-af27-719b16a7cd44;2026-09-25 00:00:31.153122+00
aedc92ee-48ad-409c-ad56-439f60340cd2;BWU-ENN-GOW-KWO-U1;viewed;User viewed the MyLearning screen;my_learning_screen;1790251778071;;d6e10239c4eb4b90b3cbb9ae1986907d;Ethiopia - English;"{""device_model"": ""SM-A055F""}";BWU-ENN-GOW-KWO-U1_6a880c3d-09b2-4695-af27-719b16a7cd44;2026-09-25 00:00:31.153123+00
e475966b-fe92-45e8-a6c1-3914d7ca3e66;BWU-ENN-GOW-KWO-U1;viewed;User viewed the User Profile screen;user_profile_screen;1790251784906;;d6e10239c4eb4b90b3cbb9ae1986907d;Ethiopia - English;"{""device_model"": ""SM-A055F""}";BWU-ENN-GOW-KWO-U1_6a880c3d-09b2-4695-af27-719b16a7cd44;2026-09-25 00:00:31.153125+00
110b36b9-eeb3-430e-bfb2-099d6efe0e55;BWU-ENN-GOW-KWO-U1;viewed;User viewed the User Profile screen;user_profile_screen;1790251806333;;d6e10239c4eb4b90b3cbb9ae1986907d;Ethiopia - English;"{""device_model"": ""SM-A055F""}";BWU-ENN-GOW-KWO-U1_6a880c3d-09b2-4695-af27-719b16a7cd44;2026-09-25 00:00:31.153126+00
f64e215b-dbc2-4206-a33c-d5b315dd64d9;BWU-ENN-GOW-KWO-U1;viewed;User viewed Notification Screen;notification_screen;1790251809699;;d6e10239c4eb4b90b3cbb9ae1986907d;Ethiopia - English;"{""device_model"": ""SM-A055F""}";BWU-ENN-GOW-KWO-U1_6a880c3d-09b2-4695-af27-719b16a7cd44;2026-09-25 00:00:31.153128+00
a5eefd48-235c-49a9-931d-305d96b0d3e4;BWU-FXC-FUO-TLW-U1;viewed;User viewed the Language List screen;language_list_screen;1790318464764;;8a2ddf1bc349422892f5f4e9be2b92c5;Nepal - English;"{""device_model"": ""M2102J20SI""}";BWU-FXC-FUO-TLW-U1_de9a05fe-9451-4bec-abce-d5798eb56415;2026-09-25 12:00:14.63697+00
4e42fe46-f8dc-446f-aac3-22e43a35719c;BWU-FXC-FUO-TLW-U1;viewed;User viewed the Category List screen;category_list_screen;1790318504455;;8a2ddf1bc349422892f5f4e9be2b92c5;Nepal - English;"{""device_model"": ""M2102J20SI""}";BWU-FXC-FUO-TLW-U1_de9a05fe-9451-4bec-abce-d5798eb56415;2026-09-25 12:00:14.636974+00
9571b7aa-bfc8-488b-aabf-5a7bd33d532a;BWU-FXC-FUO-TLW-U1;viewed;User viewed onboarding screen;onboarding_screen;1790318507869;;8a2ddf1bc349422892f5f4e9be2b92c5;Nepal - English;"{""device_model"": ""M2102J20SI""}";BWU-FXC-FUO-TLW-U1_de9a05fe-9451-4bec-abce-d5798eb56415;2026-09-25 12:00:14.636976+00
b850a3ef-6689-42f9-b890-7e33ec12b2c8;BWU-FXC-FUO-TLW-U1;viewed;User viewed the onboarding survey screen;onboarding_survey_screen;1790318512899;;8a2ddf1bc349422892f5f4e9be2b92c5;Nepal - English;"{""device_model"": ""M2102J20SI""}";BWU-FXC-FUO-TLW-U1_de9a05fe-9451-4bec-abce-d5798eb56415;2026-09-25 12:00:14.636977+00
f37dc968-ac41-428a-9b66-0b59c0e4a503;BWU-FXC-FUO-TLW-U1;completed;User completed the onboarding survey;onboarding_survey_screen;1790318578303;;8a2ddf1bc349422892f5f4e9be2b92c5;Nepal - English;"{""device_model"": ""M2102J20SI""}";BWU-FXC-FUO-TLW-U1_de9a05fe-9451-4bec-abce-d5798eb56415;2026-09-25 12:00:14.636979+00
594ec0aa-3192-4c24-a9ea-bab343bf7859;BWU-FXC-FUO-TLW-U1;viewed;User viewed the Onboarding Complete screen;onboarding_complete_screen;1790318578332;;8a2ddf1bc349422892f5f4e9be2b92c5;Nepal - English;"{""device_model"": ""M2102J20SI""}";BWU-FXC-FUO-TLW-U1_de9a05fe-9451-4bec-abce-d5798eb56415;2026-09-25 12:00:14.636981+00
7a5f840c-ecc2-4640-b5f7-93957c0f6522;BWU-FXC-FUO-TLW-U1;completed;User completed onboarding;onboarding_complete_screen;1790318579692;;8a2ddf1bc349422892f5f4e9be2b92c5;Nepal - English;"{""device_model"": ""M2102J20SI""}";BWU-FXC-FUO-TLW-U1_de9a05fe-9451-4bec-abce-d5798eb56415;2026-09-25 12:00:14.636982+00
b3c9d7b0-bbd2-4840-8bda-b60fbbb3410e;BWU-FXC-FUO-TLW-U1;viewed;User viewed the Home screen;home_screen;1790318579823;;8a2ddf1bc349422892f5f4e9be2b92c5;Nepal - English;"{""device_model"": ""M2102J20SI""}";BWU-FXC-FUO-TLW-U1_de9a05fe-9451-4bec-abce-d5798eb56415;2026-09-25 12:00:14.636984+00
e804a43c-4161-4780-bbed-c845be8edc2f;BWU-FXC-FUO-TLW-U1;viewed;User viewed the MyLearning screen;my_learning_screen;1790318583830;;8a2ddf1bc349422892f5f4e9be2b92c5;Nepal - English;"{""device_model"": ""M2102J20SI""}";BWU-FXC-FUO-TLW-U1_de9a05fe-9451-4bec-abce-d5798eb56415;2026-09-25 12:00:14.636986+00
59902c38-bf13-4359-8d39-386b86942463;BWU-FXC-FUO-TLW-U1;viewed;User viewed the User Profile screen;user_profile_screen;1790318586539;;8a2ddf1bc349422892f5f4e9be2b92c5;Nepal - English;"{""device_model"": ""M2102J20SI""}";BWU-FXC-FUO-TLW-U1_de9a05fe-9451-4bec-abce-d5798eb56415;2026-09-25 12:00:14.636988+00
539ad6fc-c503-4c17-9948-24f240d004e1;BWU-FXC-FUO-TLW-U1;viewed;User viewed the OTP verification screen;otp_verification_screen;1790318606232;;8a2ddf1bc349422892f5f4e9be2b92c5;Nepal - English;"{""auth_type"": ""email"", ""device_model"": ""M2102J20SI""}";BWU-FXC-FUO-TLW-U1_de9a05fe-9451-4bec-abce-d5798eb56415;2026-09-25 12:00:14.63699+00
2c0a4e7d-30d1-4fe7-8d84-00ca5488dcfd;BWU-FXC-FUO-TLW-U1;viewed;User viewed the Add Profile Details screen;add_profile_details_screen;1790318650227;;8a2ddf1bc349422892f5f4e9be2b92c5;Nepal - English;"{""auth_type"": ""email"", ""device_model"": ""M2102J20SI""}";BWU-FXC-FUO-TLW-U1_de9a05fe-9451-4bec-abce-d5798eb56415;2026-09-25 12:00:14.636992+00
3888330c-ca28-40b0-82e9-ba2e3a7e3288;BWU-FXC-FUO-TLW-U1;viewed;User viewed the profile onboarding survey screen;user_onboarding_questions_screen;1790318664054;;8a2ddf1bc349422892f5f4e9be2b92c5;Nepal - English;"{""device_model"": ""M2102J20SI""}";BWU-FXC-FUO-TLW-U1_de9a05fe-9451-4bec-abce-d5798eb56415;2026-09-25 12:00:14.636993+00
d659ace0-ece3-4fb4-9cb1-58be3f392ce7;BWU-FXC-FUO-TLW-U1;completed;User completed onboarding questions;user_onboarding_questions_screen;1790318667682;;8a2ddf1bc349422892f5f4e9be2b92c5;Nepal - English;"{""device_model"": ""M2102J20SI"", ""question_count"": ""1""}";BWU-FXC-FUO-TLW-U1_de9a05fe-9451-4bec-abce-d5798eb56415;2026-09-25 12:00:14.636995+00
c279d2e3-a047-4929-9d84-01551a339f93;BWU-FXC-FUO-TLW-U1;viewed;User viewed the Set Password screen during registration flow;set_password_screen;1790318667682;;8a2ddf1bc349422892f5f4e9be2b92c5;Nepal - English;"{""device_model"": ""M2102J20SI""}";BWU-FXC-FUO-TLW-U1_de9a05fe-9451-4bec-abce-d5798eb56415;2026-09-25 12:00:14.636997+00
e17e6681-e6f0-4d5d-a4e0-6a3262837789;BWU-FXC-FUO-TLW-U1;viewed;User viewed MyLearning Landing Screen;my_learning_landing_screen;1790318676817;;8a2ddf1bc349422892f5f4e9be2b92c5;Nepal - English;"{""device_model"": ""M2102J20SI""}";BWU-FXC-FUO-TLW-U1_de9a05fe-9451-4bec-abce-d5798eb56415;2026-09-25 12:00:14.636999+00
9a788556-26a8-4fba-90a3-812a5c251f78;BWU-FXC-FUO-TLW-U1;viewed;User viewed the Home screen;home_screen;1790318678463;;8a2ddf1bc349422892f5f4e9be2b92c5;Nepal - English;"{""device_model"": ""M2102J20SI""}";BWU-FXC-FUO-TLW-U1_de9a05fe-9451-4bec-abce-d5798eb56415;2026-09-25 12:00:14.637+00
5d5c7857-2723-43ae-adc8-50afb7759912;BWU-FXC-FUO-TLW-U1;viewed;User viewed the Modules screen with available categories and modules;modules_screen;1790318681949;;8a2ddf1bc349422892f5f4e9be2b92c5;Nepal - English;"{""device_model"": ""M2102J20SI""}";BWU-FXC-FUO-TLW-U1_de9a05fe-9451-4bec-abce-d5798eb56415;2026-09-25 12:00:14.637002+00
4040dd31-e936-4444-bbc7-462525e7173a;BWU-FXC-FUO-TLW-U1;viewed;User viewed MyLearning Landing Screen;my_learning_landing_screen;1790318683689;;8a2ddf1bc349422892f5f4e9be2b92c5;Nepal - English;"{""device_model"": ""M2102J20SI""}";BWU-FXC-FUO-TLW-U1_de9a05fe-9451-4bec-abce-d5798eb56415;2026-09-25 12:00:14.637003+00
6da5e541-4061-4bbe-b7ff-9d0bfde0c25f;BWU-FXC-FUO-TLW-U1;viewed;User viewed the Search screen;search_screen;1790318685073;;8a2ddf1bc349422892f5f4e9be2b92c5;Nepal - English;"{""keyword"": """", ""result_ids"": ""[]"", ""device_model"": ""M2102J20SI"", ""result_count"": ""0"", ""active_filters"": """"}";BWU-FXC-FUO-TLW-U1_de9a05fe-9451-4bec-abce-d5798eb56415;2026-09-25 12:00:14.637005+00
59434dde-0e6c-49bd-aa09-5f683e3a0576;BWU-FXC-FUO-TLW-U1;viewed;User viewed the Home screen;home_screen;1790319939446;;8a2ddf1bc349422892f5f4e9be2b92c5;Nepal - English;"{""device_model"": ""M2102J20SI""}";BWU-FXC-FUO-TLW-U1_9d7c99d0-de65-4e76-9371-9aa344885656;2026-09-25 12:00:14.700405+00
2fa1a342-215f-42bb-bc50-1866c27f82f1;BWU-FXC-FUO-TLW-U1;viewed;User viewed MyLearning Landing Screen;my_learning_landing_screen;1790319941570;;8a2ddf1bc349422892f5f4e9be2b92c5;Nepal - English;;BWU-FXC-FUO-TLW-U1_e6ce08bc-a80b-4d97-ac30-06c685ec0d6a;2026-09-25 12:00:14.741609+00
12cd6b54-c477-4a47-bb97-adbe039cca25;BWU-FXC-FUO-TLW-U1;viewed;User viewed their profile information screen;user_info_screen;1790319959153;;8a2ddf1bc349422892f5f4e9be2b92c5;Nepal - English;;BWU-FXC-FUO-TLW-U1_e6ce08bc-a80b-4d97-ac30-06c685ec0d6a;2026-09-25 12:00:14.741612+00
7a130a99-585d-435d-acd1-47e0e798174c;BWU-FXC-FUO-TLW-U1;viewed;User viewed the Language List screen;language_list_screen;1790319965217;;8a2ddf1bc349422892f5f4e9be2b92c5;Nepal - English;;BWU-FXC-FUO-TLW-U1_e6ce08bc-a80b-4d97-ac30-06c685ec0d6a;2026-09-25 12:00:14.741613+00
8f7eac57-d67a-46e9-8dc7-1e06eb212b6f;BWU-ENN-GOW-KWO-U1;viewed;User viewed onboarding screen;onboarding_screen;1790254028832;;d6e10239c4eb4b90b3cbb9ae1986907d;Ethiopia - English;"{""device_model"": ""SM-A055F""}";BWU-ENN-GOW-KWO-U1_0f781c36-3bb4-42d6-8329-c6bb57ae9788;2026-09-26 00:00:09.435694+00
cb20138e-f79e-413e-980c-78ad7a07019a;BWU-ENN-GOW-KWO-U1;viewed;User viewed the onboarding survey screen;onboarding_survey_screen;1790254028876;;d6e10239c4eb4b90b3cbb9ae1986907d;Ethiopia - English;"{""device_model"": ""SM-A055F""}";BWU-ENN-GOW-KWO-U1_e7e7a1b3-3a90-45bc-bae8-0285f6ce0b9e;2026-09-26 00:00:09.435698+00
36d96c5e-6eeb-44ad-8759-c64349bdf984;BWU-ENN-GOW-KWO-U1;viewed;User viewed the Onboarding Complete screen;onboarding_complete_screen;1790254030797;;d6e10239c4eb4b90b3cbb9ae1986907d;Ethiopia - English;"{""device_model"": ""SM-A055F""}";BWU-ENN-GOW-KWO-U1_dfb2a6a4-f258-4b10-b85a-379ad2185f88;2026-09-26 00:00:09.4357+00
41676e69-f372-4d3d-a642-b7fcd545e8a6;BWU-ENN-GOW-KWO-U1;completed;User completed onboarding;onboarding_complete_screen;1790254033950;;d6e10239c4eb4b90b3cbb9ae1986907d;Ethiopia - English;"{""device_model"": ""SM-A055F""}";BWU-ENN-GOW-KWO-U1_dfb2a6a4-f258-4b10-b85a-379ad2185f88;2026-09-26 00:00:09.435702+00
f4125747-a394-41e8-999e-1f753c18e9ed;BWU-KRM-UYF-JHN-U1;viewed;User viewed the Language List screen;language_list_screen;1790578262974;;;;"{""device_model"": ""SM-S908E""}";BWU-KRM-UYF-JHN-U1_785d8f1c-1293-434c-9085-235f5f9836e5;2026-09-28 12:00:16.869676+00
e0278b72-da66-4e54-a2a8-35468c23ad13;BWU-ENN-GOW-KWO-U1;viewed;User viewed the Home screen;home_screen;1790254034052;;d6e10239c4eb4b90b3cbb9ae1986907d;Ethiopia - English;"{""device_model"": ""SM-A055F""}";BWU-ENN-GOW-KWO-U1_dfb2a6a4-f258-4b10-b85a-379ad2185f88;2026-09-26 00:00:09.435703+00
f625e4cf-fe86-438a-93a6-271a87d34f52;BWU-ENN-GOW-KWO-U1;clicked;User clicked to continue watching video;home_screen;1790254048963;;d6e10239c4eb4b90b3cbb9ae1986907d;Ethiopia - English;"{""asset_id"": ""4dd2cf4f3d5c42d4a63801b1fb4e957b"", ""device_model"": ""SM-A055F""}";BWU-ENN-GOW-KWO-U1_dfb2a6a4-f258-4b10-b85a-379ad2185f88;2026-09-26 00:00:09.435705+00
e77328ed-6b07-4b25-9cba-a3af8631c70a;BWU-ENN-GOW-KWO-U1;viewed;User viewed the Modules screen with available categories and modules;modules_screen;1790254048966;;d6e10239c4eb4b90b3cbb9ae1986907d;Ethiopia - English;"{""device_model"": ""SM-A055F""}";BWU-ENN-GOW-KWO-U1_dfb2a6a4-f258-4b10-b85a-379ad2185f88;2026-09-26 00:00:09.435707+00
b69a43c5-e358-487e-8304-e47f5acb3da6;BWU-ENN-GOW-KWO-U1;viewed;User viewed onboarding screen;onboarding_screen;1790345695211;;d6e10239c4eb4b90b3cbb9ae1986907d;Ethiopia - English;"{""device_model"": ""SM-A055F""}";BWU-ENN-GOW-KWO-U1_dfb2a6a4-f258-4b10-b85a-379ad2185f88;2026-09-26 00:00:09.435708+00
cc7ba425-c554-4fae-a368-e2f30af66de6;BWU-ENN-GOW-KWO-U1;viewed;User viewed the onboarding survey screen;onboarding_survey_screen;1790345695255;;d6e10239c4eb4b90b3cbb9ae1986907d;Ethiopia - English;"{""device_model"": ""SM-A055F""}";BWU-ENN-GOW-KWO-U1_dfb2a6a4-f258-4b10-b85a-379ad2185f88;2026-09-26 00:00:09.435711+00
192b4b17-b039-47b1-971a-76ba8d455b38;BWU-ENN-GOW-KWO-U1;viewed;User viewed the Onboarding Complete screen;onboarding_complete_screen;1790345696720;;d6e10239c4eb4b90b3cbb9ae1986907d;Ethiopia - English;"{""device_model"": ""SM-A055F""}";BWU-ENN-GOW-KWO-U1_dfb2a6a4-f258-4b10-b85a-379ad2185f88;2026-09-26 00:00:09.435713+00
c1f35469-235a-4a93-904c-b28dadf10749;BWU-ENN-GOW-KWO-U1;completed;User completed onboarding;onboarding_complete_screen;1790345701093;;d6e10239c4eb4b90b3cbb9ae1986907d;Ethiopia - English;"{""device_model"": ""SM-A055F""}";BWU-ENN-GOW-KWO-U1_dfb2a6a4-f258-4b10-b85a-379ad2185f88;2026-09-26 00:00:09.435714+00
b64e963a-627b-45e3-9db9-9eb5672f4616;BWU-ENN-GOW-KWO-U1;viewed;User viewed the Home screen;home_screen;1790345701202;;d6e10239c4eb4b90b3cbb9ae1986907d;Ethiopia - English;"{""device_model"": ""SM-A055F""}";BWU-ENN-GOW-KWO-U1_dfb2a6a4-f258-4b10-b85a-379ad2185f88;2026-09-26 00:00:09.435716+00
8e586f58-82b8-44cd-b862-d517eef0acde;BWU-ENN-GOW-KWO-U1;updated;User initiated manifest update from home screen;home_screen;1790345724097;;d6e10239c4eb4b90b3cbb9ae1986907d;Ethiopia - English;;BWU-ENN-GOW-KWO-U1_7d79c752-281f-4a1d-9e90-3fd03a589e24;2026-09-26 00:00:09.488003+00
9ab4a256-93a1-4617-af4a-f6075f382bac;BWU-HNR-NYQ-CYX-U1;viewed;User viewed the Language List screen;language_list_screen;1790407400941;;;;"{""device_model"": ""TECNO KL6""}";BWU-HNR-NYQ-CYX-U1_67fcc4cd-3bbf-4398-8188-1f635033a6d0;2026-09-26 12:00:21.232005+00
e3cccfd9-7fe4-4d07-b250-b208dc54dd8d;BWU-HNR-NYQ-CYX-U1;viewed;User viewed the Category List screen;category_list_screen;1790407424812;;289c0715e027451abc8edfdb361119bf;English;;BWU-HNR-NYQ-CYX-U1_c9c5c6ea-b864-46ec-9ed8-0ededd659f38;2026-09-26 12:00:21.291038+00
d04bb975-f86f-4c41-ba27-fd572e965a8a;BWU-HNR-NYQ-CYX-U1;viewed;User viewed onboarding screen;onboarding_screen;1790407449684;;289c0715e027451abc8edfdb361119bf;English;;BWU-HNR-NYQ-CYX-U1_c9c5c6ea-b864-46ec-9ed8-0ededd659f38;2026-09-26 12:00:21.291043+00
26e21239-828d-4460-9cee-7231bbb6afa1;BWU-HNR-NYQ-CYX-U1;viewed;User viewed the onboarding survey screen;onboarding_survey_screen;1790407464875;;289c0715e027451abc8edfdb361119bf;English;;BWU-HNR-NYQ-CYX-U1_c9c5c6ea-b864-46ec-9ed8-0ededd659f38;2026-09-26 12:00:21.291045+00
7c97fe6c-8b42-4b20-b426-0ee82264e784;BWU-HNR-NYQ-CYX-U1;completed;User completed the onboarding survey;onboarding_survey_screen;1790407586582;;289c0715e027451abc8edfdb361119bf;English;;BWU-HNR-NYQ-CYX-U1_c9c5c6ea-b864-46ec-9ed8-0ededd659f38;2026-09-26 12:00:21.291048+00
29f71bdc-e2cf-4294-820f-31a565a47842;BWU-HNR-NYQ-CYX-U1;viewed;User viewed the Onboarding Complete screen;onboarding_complete_screen;1790407586661;;289c0715e027451abc8edfdb361119bf;English;;BWU-HNR-NYQ-CYX-U1_c9c5c6ea-b864-46ec-9ed8-0ededd659f38;2026-09-26 12:00:21.291051+00
bc8bcacd-d4e0-41e8-8f8d-d40e1f2302b7;BWU-HNR-NYQ-CYX-U1;completed;User completed onboarding;onboarding_complete_screen;1790408499512;;289c0715e027451abc8edfdb361119bf;English;;BWU-HNR-NYQ-CYX-U1_c9c5c6ea-b864-46ec-9ed8-0ededd659f38;2026-09-26 12:00:21.291053+00
59359c47-44ad-4110-b509-828eb8dfdbb8;BWU-HNR-NYQ-CYX-U1;viewed;User viewed the Home screen;home_screen;1790408499850;;289c0715e027451abc8edfdb361119bf;English;;BWU-HNR-NYQ-CYX-U1_c9c5c6ea-b864-46ec-9ed8-0ededd659f38;2026-09-26 12:00:21.291055+00
177cc1c2-d98c-46b2-9fe8-d9fcf39c5e6f;BWU-HNR-NYQ-CYX-U1;clicked;User clicked on Quick Access button;home_screen;1790408542331;;289c0715e027451abc8edfdb361119bf;English;"{""button_id"": ""learning""}";BWU-HNR-NYQ-CYX-U1_c9c5c6ea-b864-46ec-9ed8-0ededd659f38;2026-09-26 12:00:21.291623+00
ad3bf3c6-09ff-488c-a95a-f73ca4863bc9;BWU-HNR-NYQ-CYX-U1;viewed;User viewed the MyLearning screen;my_learning_screen;1790408542333;;289c0715e027451abc8edfdb361119bf;English;;BWU-HNR-NYQ-CYX-U1_c9c5c6ea-b864-46ec-9ed8-0ededd659f38;2026-09-26 12:00:21.291888+00
808591dd-d2f0-4406-8438-2261b395de73;BWU-HNR-NYQ-CYX-U1;viewed;User viewed the User Profile screen;user_profile_screen;1790408552596;;289c0715e027451abc8edfdb361119bf;English;;BWU-HNR-NYQ-CYX-U1_c9c5c6ea-b864-46ec-9ed8-0ededd659f38;2026-09-26 12:00:21.29189+00
446771d7-9bed-4181-ba35-81649bc97e9f;BWU-HNR-NYQ-CYX-U1;viewed;User viewed the OTP verification screen;otp_verification_screen;1790408571250;;289c0715e027451abc8edfdb361119bf;English;"{""auth_type"": ""email""}";BWU-HNR-NYQ-CYX-U1_c9c5c6ea-b864-46ec-9ed8-0ededd659f38;2026-09-26 12:00:21.29215+00
fe23f4f9-b91d-4aa5-a051-ab40777440fd;BWU-HXU-JPR-XKX-U1;viewed;User viewed the Category List screen;category_list_screen;1790428523637;;7cf6efab-a9d7-54d2-2cbd-ec82efe4a7da;;;BWU-HXU-JPR-XKX-U1_b37f9011-0c1f-4159-9776-a44aa34e79f5;2026-09-27 00:00:42.276238+00
a521c2ee-6157-457a-b7b1-2ce9535a3bd2;BWU-HXU-JPR-XKX-U1;viewed;User viewed onboarding screen;onboarding_screen;1790428529446;;7cf6efab-a9d7-54d2-2cbd-ec82efe4a7da;;;BWU-HXU-JPR-XKX-U1_b37f9011-0c1f-4159-9776-a44aa34e79f5;2026-09-27 00:00:42.276241+00
51cfe763-4c36-4f69-920f-d17b840f7983;BWU-HXU-JPR-XKX-U1;viewed;User viewed onboarding screen;onboarding_screen;1790499339828;;7cf6efab-a9d7-54d2-2cbd-ec82efe4a7da;;"{""device_model"": ""TECNO KL5""}";BWU-HXU-JPR-XKX-U1_c2e7de49-6a93-4e8c-9a58-1a61f2183cf6;2026-09-27 12:00:59.584806+00
b577b709-78ed-4ae7-b880-529b74b3dbf9;BWU-HXU-JPR-XKX-U1;viewed;"User viewed ""Why we need your data"" modal";onboarding_screen;1790499356478;;7cf6efab-a9d7-54d2-2cbd-ec82efe4a7da;;;BWU-HXU-JPR-XKX-U1_c5070563-a420-4d6f-9609-ea2b23e1cb5d;2026-09-27 12:00:59.626377+00
5b724714-7ad0-4809-816c-825088c71190;BWU-HXU-JPR-XKX-U1;viewed;"User viewed ""Why we need your data"" modal";onboarding_screen;1790499358947;;7cf6efab-a9d7-54d2-2cbd-ec82efe4a7da;;;BWU-HXU-JPR-XKX-U1_c5070563-a420-4d6f-9609-ea2b23e1cb5d;2026-09-27 12:00:59.62638+00
85f9d4fa-ca91-4aac-b4db-bd0cba2990e6;BWU-HXU-JPR-XKX-U1;viewed;"User viewed ""Why we need your data"" modal";onboarding_screen;1790499364035;;7cf6efab-a9d7-54d2-2cbd-ec82efe4a7da;;;BWU-HXU-JPR-XKX-U1_c5070563-a420-4d6f-9609-ea2b23e1cb5d;2026-09-27 12:00:59.626382+00
"061bca8a-3f79-40f0-8006-d42a6ba99f63";BWU-HXU-JPR-XKX-U1;viewed;"User viewed ""Why we need your data"" modal";onboarding_screen;1790499376513;;7cf6efab-a9d7-54d2-2cbd-ec82efe4a7da;;;BWU-HXU-JPR-XKX-U1_c5070563-a420-4d6f-9609-ea2b23e1cb5d;2026-09-27 12:00:59.626384+00
"0055ebe6-b789-46d2-8f5f-0df23c45aa41";BWU-HXU-JPR-XKX-U1;viewed;"User viewed ""Why we need your data"" modal";onboarding_screen;1790499389136;;7cf6efab-a9d7-54d2-2cbd-ec82efe4a7da;;;BWU-HXU-JPR-XKX-U1_c5070563-a420-4d6f-9609-ea2b23e1cb5d;2026-09-27 12:00:59.626386+00
2cdb2468-7959-479a-a5de-f8c4def2a0c1;BWU-HXU-JPR-XKX-U1;viewed;"User viewed ""Why we need your data"" modal";onboarding_screen;1790499490114;;7cf6efab-a9d7-54d2-2cbd-ec82efe4a7da;;;BWU-HXU-JPR-XKX-U1_b89e1e12-7973-42a7-9c70-9e742e7aae39;2026-09-27 12:00:59.706179+00
cc105aa8-5532-439d-9e14-0f8363af66f4;BWU-KUP-TCR-APT-U1;viewed;User viewed the Category List screen;category_list_screen;1790584769019;;cca954e8-6c14-6924-6990-010cd19c7919;;"{""device_model"": ""M2102J20SI""}";BWU-KUP-TCR-APT-U1_b57138d7-d456-435d-b8be-09cc3e26258a;2026-09-28 12:00:16.968023+00
"0b842aea-d663-4b77-8ffc-9b29288ab1ac";BWU-KUP-TCR-APT-U1;viewed;User viewed onboarding screen;onboarding_screen;1790584807150;;cca954e8-6c14-6924-6990-010cd19c7919;;"{""device_model"": ""M2102J20SI""}";BWU-KUP-TCR-APT-U1_b57138d7-d456-435d-b8be-09cc3e26258a;2026-09-28 12:00:16.968026+00
1b838c0e-afa4-49de-9654-23eb2922af8a;BWU-KUP-TCR-APT-U1;viewed;User viewed the onboarding survey screen;onboarding_survey_screen;1790584827079;;cca954e8-6c14-6924-6990-010cd19c7919;;"{""device_model"": ""M2102J20SI""}";BWU-KUP-TCR-APT-U1_b57138d7-d456-435d-b8be-09cc3e26258a;2026-09-28 12:00:16.968028+00
8dd46251-8e6a-48a8-828c-2e06538ba824;BWU-KUP-TCR-APT-U1;completed;User completed the onboarding survey;onboarding_survey_screen;1790584852514;;cca954e8-6c14-6924-6990-010cd19c7919;;"{""device_model"": ""M2102J20SI""}";BWU-KUP-TCR-APT-U1_b57138d7-d456-435d-b8be-09cc3e26258a;2026-09-28 12:00:16.968029+00
60bd24ee-2c7c-4fb6-800c-b3e1783b0010;BWU-KUP-TCR-APT-U1;viewed;User viewed the Onboarding Complete screen;onboarding_complete_screen;1790584852559;;cca954e8-6c14-6924-6990-010cd19c7919;;"{""device_model"": ""M2102J20SI""}";BWU-KUP-TCR-APT-U1_b57138d7-d456-435d-b8be-09cc3e26258a;2026-09-28 12:00:16.968031+00
"0d2fbf98-c4dd-4daa-8e53-10d908de6d50";BWU-KUP-TCR-APT-U1;completed;User completed onboarding;onboarding_complete_screen;1790584880230;;cca954e8-6c14-6924-6990-010cd19c7919;;"{""device_model"": ""M2102J20SI""}";BWU-KUP-TCR-APT-U1_b57138d7-d456-435d-b8be-09cc3e26258a;2026-09-28 12:00:16.968033+00
1328254f-ec10-4918-a00c-d7c3d01e38c4;BWU-KUP-TCR-APT-U1;viewed;User viewed the Home screen;home_screen;1790584880364;;cca954e8-6c14-6924-6990-010cd19c7919;;"{""device_model"": ""M2102J20SI""}";BWU-KUP-TCR-APT-U1_b57138d7-d456-435d-b8be-09cc3e26258a;2026-09-28 12:00:16.968035+00
6d64d623-aa80-4c1d-9f98-56d83e88b647;BWU-KUP-TCR-APT-U1;viewed;User viewed the Modules screen with available categories and modules;modules_screen;1790584896730;;cca954e8-6c14-6924-6990-010cd19c7919;;"{""device_model"": ""M2102J20SI""}";BWU-KUP-TCR-APT-U1_b57138d7-d456-435d-b8be-09cc3e26258a;2026-09-28 12:00:16.968036+00
f2a324d9-201b-4385-874b-0954728aee9e;BWU-KUP-TCR-APT-U1;viewed;User viewed the MyLearning screen;my_learning_screen;1790584899974;;cca954e8-6c14-6924-6990-010cd19c7919;;"{""device_model"": ""M2102J20SI""}";BWU-KUP-TCR-APT-U1_b57138d7-d456-435d-b8be-09cc3e26258a;2026-09-28 12:00:16.968038+00
ebcb11b4-cb22-4eb7-a57c-c26c34908267;BWU-KUP-TCR-APT-U1;viewed;User viewed the User Profile screen;user_profile_screen;1790584903735;;cca954e8-6c14-6924-6990-010cd19c7919;;"{""device_model"": ""M2102J20SI""}";BWU-KUP-TCR-APT-U1_b57138d7-d456-435d-b8be-09cc3e26258a;2026-09-28 12:00:16.96804+00
b2e3da62-98c8-4d07-9d57-1fc4709d2915;BWU-KUP-TCR-APT-U1;viewed;User viewed the OTP verification screen;otp_verification_screen;1790584926198;;cca954e8-6c14-6924-6990-010cd19c7919;;"{""auth_type"": ""email"", ""device_model"": ""M2102J20SI""}";BWU-KUP-TCR-APT-U1_b57138d7-d456-435d-b8be-09cc3e26258a;2026-09-28 12:00:16.968041+00
afa867a2-1a4c-4fb5-8c1b-49057f20a40d;BWU-KUP-TCR-APT-U1;viewed;User viewed the Search screen;search_screen;1790584956789;;cca954e8-6c14-6924-6990-010cd19c7919;;"{""keyword"": """", ""result_ids"": ""[]"", ""device_model"": ""M2102J20SI"", ""result_count"": ""0"", ""active_filters"": """"}";BWU-KUP-TCR-APT-U1_b57138d7-d456-435d-b8be-09cc3e26258a;2026-09-28 12:00:16.968043+00
"05aca8e7-433d-4440-ab78-de0bb5f74098";BWU-KUP-TCR-APT-U1;viewed;User viewed the User Profile screen;user_profile_screen;1790585014476;;cca954e8-6c14-6924-6990-010cd19c7919;;"{""device_model"": ""M2102J20SI""}";BWU-KUP-TCR-APT-U1_b57138d7-d456-435d-b8be-09cc3e26258a;2026-09-28 12:00:16.968045+00
"0b95752f-c13d-41dc-b3d2-047eb5f64f4d";BWU-KUP-TCR-APT-U1;viewed;User viewed the OTP verification screen;otp_verification_screen;1790585045734;;cca954e8-6c14-6924-6990-010cd19c7919;;"{""auth_type"": ""email"", ""device_model"": ""M2102J20SI""}";BWU-KUP-TCR-APT-U1_b57138d7-d456-435d-b8be-09cc3e26258a;2026-09-28 12:00:16.968047+00
16fab23a-9319-4c91-a5a2-3a1985384dcc;BWU-KUP-TCR-APT-U1;viewed;User viewed MyLearning Landing Screen;my_learning_landing_screen;1790585162335;;cca954e8-6c14-6924-6990-010cd19c7919;;"{""device_model"": ""M2102J20SI""}";BWU-KUP-TCR-APT-U1_b57138d7-d456-435d-b8be-09cc3e26258a;2026-09-28 12:00:16.968048+00
1454345e-1cf4-444e-a501-c2e43a427a10;BWU-KUP-TCR-APT-U1;viewed;User viewed the Home screen;home_screen;1790585179140;;cca954e8-6c14-6924-6990-010cd19c7919;;"{""device_model"": ""M2102J20SI""}";BWU-KUP-TCR-APT-U1_b57138d7-d456-435d-b8be-09cc3e26258a;2026-09-28 12:00:16.96805+00
59f26a4e-5516-44c0-9e59-627cbb7e3dad;BWU-KUP-TCR-APT-U1;viewed;User viewed MyLearning Landing Screen;my_learning_landing_screen;1790585182551;;cca954e8-6c14-6924-6990-010cd19c7919;;"{""device_model"": ""M2102J20SI""}";BWU-KUP-TCR-APT-U1_b57138d7-d456-435d-b8be-09cc3e26258a;2026-09-28 12:00:16.968052+00
c9ac0557-4623-4b47-bdbe-ec6c1112ee44;BWU-KUP-TCR-APT-U1;viewed;User viewed Notification Screen;notification_screen;1790585205824;;cca954e8-6c14-6924-6990-010cd19c7919;;"{""device_model"": ""M2102J20SI""}";BWU-KUP-TCR-APT-U1_b57138d7-d456-435d-b8be-09cc3e26258a;2026-09-28 12:00:16.968053+00
f716c011-5989-446d-9e12-366f59a599b9;BWU-KUP-TCR-APT-U1;viewed;User viewed the Home screen;home_screen;1790589963411;;d6e10239c4eb4b90b3cbb9ae1986907d;Ethiopia - English;"{""device_model"": ""M2102J20SI""}";BWU-KUP-TCR-APT-U1_11bda710-2be8-4ca9-a304-ba8e8cc7062d;2026-09-28 12:00:17.348041+00
edb6aaef-7786-48e2-ac44-3c235d80b2dd;BWU-KUP-TCR-APT-U1;viewed;User viewed their profile information screen;user_info_screen;1790589967055;;d6e10239c4eb4b90b3cbb9ae1986907d;Ethiopia - English;"{""device_model"": ""M2102J20SI""}";BWU-KUP-TCR-APT-U1_11bda710-2be8-4ca9-a304-ba8e8cc7062d;2026-09-28 12:00:17.348044+00
84a838bd-ef3f-4c82-943e-1c0e97a97fad;BWU-KUP-TCR-APT-U1;viewed;User viewed the Language List screen;language_list_screen;1790589970299;;d6e10239c4eb4b90b3cbb9ae1986907d;Ethiopia - English;"{""device_model"": ""M2102J20SI""}";BWU-KUP-TCR-APT-U1_11bda710-2be8-4ca9-a304-ba8e8cc7062d;2026-09-28 12:00:17.348046+00
26d5e16d-0d4e-459b-ba06-c8aef6a50fc5;BWU-KUP-TCR-APT-U1;viewed;User viewed the Category List screen;category_list_screen;1790590017442;;d6e10239c4eb4b90b3cbb9ae1986907d;Ethiopia - English;"{""device_model"": ""M2102J20SI""}";BWU-KUP-TCR-APT-U1_11bda710-2be8-4ca9-a304-ba8e8cc7062d;2026-09-28 12:00:17.348048+00
5429f55d-f210-4c48-8515-5da881c3f384;BWU-KUP-TCR-APT-U1;viewed;User viewed the Onboarding Complete screen;onboarding_complete_screen;1790590035333;;d6e10239c4eb4b90b3cbb9ae1986907d;Ethiopia - English;"{""device_model"": ""M2102J20SI""}";BWU-KUP-TCR-APT-U1_11bda710-2be8-4ca9-a304-ba8e8cc7062d;2026-09-28 12:00:17.348049+00
4ba150e5-871c-47de-bcd8-3d392a182197;BWU-KZJ-AGK-PSP-U1;viewed;User viewed the Language List screen;language_list_screen;1790594662698;;;;"{""device_model"": ""SM-G991U""}";BWU-KZJ-AGK-PSP-U1_2214f24c-5360-4206-a3da-aef65cf3dc36;2026-09-28 12:00:17.377966+00
13e6b75a-b16b-4389-a9fa-7b6982765c70;BWU-KZJ-AGK-PSP-U1;viewed;User viewed the Category List screen;category_list_screen;1790594738111;;289c0715e027451abc8edfdb361119bf;English;;BWU-KZJ-AGK-PSP-U1_c5cc21dc-82b4-45fd-b8b1-e8ea1d8ddfb4;2026-09-28 12:00:17.445518+00
cf1afde4-b8d5-4f94-94bd-e817d0e13b8a;BWU-KZK-PBQ-JEV-U1;viewed;User viewed the Language List screen;language_list_screen;1790594789457;;;;"{""device_model"": ""SM-A032F""}";BWU-KZK-PBQ-JEV-U1_a4705560-b3cc-494e-a1eb-288a0ca1586c;2026-09-28 12:00:17.517615+00
dc4edf0a-0460-449e-9328-2499f8c01bf6;BWU-KZJ-AGK-PSP-U1;viewed;User viewed onboarding screen;onboarding_screen;1790594808947;;289c0715e027451abc8edfdb361119bf;English;;BWU-KZJ-AGK-PSP-U1_f34a258c-8d01-41c5-9639-f6513a2de5da;2026-09-28 12:00:17.55039+00
c34b1aad-0991-4b87-babf-87d55811c4c4;BWU-KZJ-AGK-PSP-U1;viewed;User viewed the onboarding survey screen;onboarding_survey_screen;1790594850050;;289c0715e027451abc8edfdb361119bf;English;;BWU-KZJ-AGK-PSP-U1_f34a258c-8d01-41c5-9639-f6513a2de5da;2026-09-28 12:00:17.550393+00
bae8c8bd-c157-4f8b-848c-0739e9105327;BWU-KZJ-AGK-PSP-U1;completed;User completed the onboarding survey;onboarding_survey_screen;1790594972270;;289c0715e027451abc8edfdb361119bf;English;;BWU-KZJ-AGK-PSP-U1_f34a258c-8d01-41c5-9639-f6513a2de5da;2026-09-28 12:00:17.550395+00
18a25b91-f4ed-4cbd-9605-525baae63c3a;BWU-KZJ-AGK-PSP-U1;viewed;User viewed the Onboarding Complete screen;onboarding_complete_screen;1790594972294;;289c0715e027451abc8edfdb361119bf;English;;BWU-KZJ-AGK-PSP-U1_f34a258c-8d01-41c5-9639-f6513a2de5da;2026-09-28 12:00:17.550397+00
4e244e23-43e4-4f0e-b2c7-9a7f2424052a;BWU-KZK-PBQ-JEV-U1;viewed;User viewed the Category List screen;category_list_screen;1790599034557;;289c0715e027451abc8edfdb361119bf;English;"{""device_model"": ""SM-A032F""}";BWU-KZK-PBQ-JEV-U1_5fc2357a-0855-43f7-b0f8-717c89964d93;2026-09-29 00:00:33.201328+00
6a30d857-cf4c-4365-9ebd-71687385c4a1;BWU-KZK-PBQ-JEV-U1;viewed;User viewed onboarding screen;onboarding_screen;1790599060386;;289c0715e027451abc8edfdb361119bf;English;"{""device_model"": ""SM-A032F""}";BWU-KZK-PBQ-JEV-U1_5fc2357a-0855-43f7-b0f8-717c89964d93;2026-09-29 00:00:33.201332+00
2ece8279-58fc-4485-8139-60a831d8b49d;BWU-KZK-PBQ-JEV-U1;viewed;User viewed the Language List screen;language_list_screen;1790598999602;;289c0715e027451abc8edfdb361119bf;English;"{""device_model"": ""SM-A032F""}";BWU-KZK-PBQ-JEV-U1_f934a57d-d11a-486c-aee0-17606888f2b3;2026-09-29 00:00:33.201334+00
daaf64a5-5ab2-41cf-b486-dc0a48237100;BWU-KZK-PBQ-JEV-U1;viewed;"User viewed ""Why we need your data"" modal";onboarding_screen;1790601708531;;289c0715e027451abc8edfdb361119bf;English;;BWU-KZK-PBQ-JEV-U1_f3465c3b-5086-477e-b9a4-2bd690c04b98;2026-09-29 00:00:33.24569+00
5ffc7dcc-2382-4840-8c0f-ab6b4cbac88e;BWU-KZK-PBQ-JEV-U1;viewed;"User viewed ""Why we need your data"" modal";onboarding_screen;1790601760249;;289c0715e027451abc8edfdb361119bf;English;;BWU-KZK-PBQ-JEV-U1_f3465c3b-5086-477e-b9a4-2bd690c04b98;2026-09-29 00:00:33.245694+00
2c9b76e7-c3ff-4aaf-84b2-6d2758ef3fce;BWU-KZK-PBQ-JEV-U1;viewed;"User viewed ""Why we need your data"" modal";onboarding_screen;1790601763806;;289c0715e027451abc8edfdb361119bf;English;;BWU-KZK-PBQ-JEV-U1_f3465c3b-5086-477e-b9a4-2bd690c04b98;2026-09-29 00:00:33.245695+00
ee55146f-1e96-4a81-983b-99c997c46969;BWU-KZK-PBQ-JEV-U1;viewed;"User viewed ""Why we need your data"" modal";onboarding_screen;1790601809433;;289c0715e027451abc8edfdb361119bf;English;;BWU-KZK-PBQ-JEV-U1_f3465c3b-5086-477e-b9a4-2bd690c04b98;2026-09-29 00:00:33.245697+00
fb04b43c-7f90-4646-8f9e-ea7831668a89;BWU-KZK-PBQ-JEV-U1;viewed;"User viewed ""Why we need your data"" modal";onboarding_screen;1790601812884;;289c0715e027451abc8edfdb361119bf;English;;BWU-KZK-PBQ-JEV-U1_f3465c3b-5086-477e-b9a4-2bd690c04b98;2026-09-29 00:00:33.245699+00
98cdd719-454c-4d71-8cb9-9a43ca9f2bd3;BWU-KZK-PBQ-JEV-U1;viewed;"User viewed ""Why we need your data"" modal";onboarding_screen;1790601817884;;289c0715e027451abc8edfdb361119bf;English;;BWU-KZK-PBQ-JEV-U1_f3465c3b-5086-477e-b9a4-2bd690c04b98;2026-09-29 00:00:33.2457+00
c0782827-2791-4085-b47b-d335aada9b28;BWU-KZK-PBQ-JEV-U1;viewed;"User viewed ""Why we need your data"" modal";onboarding_screen;1790601840974;;289c0715e027451abc8edfdb361119bf;English;;BWU-KZK-PBQ-JEV-U1_f3465c3b-5086-477e-b9a4-2bd690c04b98;2026-09-29 00:00:33.245702+00
37b31b44-5a00-4867-88e3-035bd18238b6;BWU-KZK-PBQ-JEV-U1;viewed;"User viewed ""Why we need your data"" modal";onboarding_screen;1790601872033;;289c0715e027451abc8edfdb361119bf;English;;BWU-KZK-PBQ-JEV-U1_f3465c3b-5086-477e-b9a4-2bd690c04b98;2026-09-29 00:00:33.245704+00
e2e5db79-872f-450f-b49b-cd7480b9e91d;BWU-KZK-PBQ-JEV-U1;viewed;User viewed onboarding screen;onboarding_screen;1790601584696;;289c0715e027451abc8edfdb361119bf;English;;BWU-KZK-PBQ-JEV-U1_defffe40-7a51-4b63-9330-80da847f0bc2;2026-09-29 00:00:33.245706+00
c3b0bfa8-4f09-462d-9e5b-da30e2b51adc;BWU-KZK-PBQ-JEV-U1;viewed;User viewed the onboarding survey screen;onboarding_survey_screen;1790601949108;;;;;BWU-KZK-PBQ-JEV-U1_04f1f161-a320-4e21-b83e-a609c1809daa;2026-09-29 00:00:33.290489+00
9bd9492e-6c1f-4453-a5da-5ef3bdc202a5;BWU-KZK-PBQ-JEV-U1;viewed;User viewed the onboarding survey screen;onboarding_survey_screen;1790601949108;;289c0715e027451abc8edfdb361119bf;English;"{""device_model"": ""SM-A032F""}";BWU-KZK-PBQ-JEV-U1_04f1f161-a320-4e21-b83e-a609c1809daa;2026-09-29 00:00:33.338365+00
15c26061-3c86-4274-b904-40251a38707e;BWU-KZK-PBQ-JEV-U1;viewed;User viewed onboarding screen;onboarding_screen;1790608462207;;289c0715e027451abc8edfdb361119bf;English;"{""device_model"": ""SM-A032F""}";BWU-KZK-PBQ-JEV-U1_04f1f161-a320-4e21-b83e-a609c1809daa;2026-09-29 00:00:33.338369+00
1d5d02b3-2761-4f56-b687-0a906a413746;BWU-KZK-PBQ-JEV-U1;viewed;User viewed the onboarding survey screen;onboarding_survey_screen;1790608462639;;289c0715e027451abc8edfdb361119bf;English;"{""device_model"": ""SM-A032F""}";BWU-KZK-PBQ-JEV-U1_04f1f161-a320-4e21-b83e-a609c1809daa;2026-09-29 00:00:33.338372+00
3fcc84f6-0b6a-4a7a-83f2-0204aa10f301;BWU-LKN-LQU-LCK-U1;viewed;User viewed the Language List screen;language_list_screen;1790617986274;;;;"{""device_model"": ""SM-A566B""}";BWU-LKN-LQU-LCK-U1_00d9b894-d8f9-43d6-a992-849a9c8c129b;2026-09-29 00:00:33.5296+00
1442635d-d873-44ac-9fb7-e78c9040da0e;BWU-LKN-LQU-LCK-U1;viewed;User viewed the Category List screen;category_list_screen;1790618020665;;289c0715e027451abc8edfdb361119bf;English;"{""device_model"": ""SM-A566B""}";BWU-LKN-LQU-LCK-U1_f4cc68b6-4457-4457-a1d6-a80cb9636d06;2026-09-29 00:00:33.569151+00
c4dcc5a4-c947-42f0-86c6-289ea38d3c0b;BWU-LKN-LQU-LCK-U1;viewed;User viewed onboarding screen;onboarding_screen;1790618036603;;289c0715e027451abc8edfdb361119bf;English;"{""device_model"": ""SM-A566B""}";BWU-LKN-LQU-LCK-U1_f4cc68b6-4457-4457-a1d6-a80cb9636d06;2026-09-29 00:00:33.569153+00
872a0201-a894-4e77-990a-893b2d34484c;BWU-LKN-LQU-LCK-U1;viewed;User viewed the onboarding survey screen;onboarding_survey_screen;1790618084557;;289c0715e027451abc8edfdb361119bf;English;;BWU-LKN-LQU-LCK-U1_33ef9be6-7a1a-4641-a809-a278106f1540;2026-09-29 00:00:33.605619+00
