id;profile_id;event_type;description;screen_name;event_timestamp;module_id;module_title;level;language_id;autonym_script;extra;source_file;ingested_at
7158af04-e679-4c84-a142-0e65c12422be;BWU-DHU-QUH-LOB-U1;viewed;User opened Quiz Intro for module b76949299b594d10b3a5843d129bfddb;quiz_intro_screen;1790216470731;b76949299b594d10b3a5843d129bfddb;Normal Labour and Birth;familiar;289c0715e027451abc8edfdb361119bf;English;;BWU-DHU-QUH-LOB-U1_a7a728e0-dd21-4582-a56c-eb937b8b4e1c;2026-09-24 12:00:06.965283+00
"0dccc83b-3aa5-4799-ad53-c6f6a35745b6";BWU-DHU-QUH-LOB-U1;started;User started quiz 'Normal Labour and Birth' at familiar level;quiz_intro_screen;1790216488486;b76949299b594d10b3a5843d129bfddb;Normal Labour and Birth;familiar;289c0715e027451abc8edfdb361119bf;English;;BWU-DHU-QUH-LOB-U1_a7a728e0-dd21-4582-a56c-eb937b8b4e1c;2026-09-24 12:00:06.965287+00
e8e22f31-bc1b-410a-a754-c7dcd20752e3;BWU-DHU-QUH-LOB-U1;started;Quiz started for module b76949299b594d10b3a5843d129bfddb;quiz_screen;1790216488487;b76949299b594d10b3a5843d129bfddb;Normal Labour and Birth;familiar;289c0715e027451abc8edfdb361119bf;English;;BWU-DHU-QUH-LOB-U1_a7a728e0-dd21-4582-a56c-eb937b8b4e1c;2026-09-24 12:00:06.965289+00
b9cabd7f-8bc7-4f1f-bcf9-5a72c91c1128;BWU-DHU-QUH-LOB-U1;viewed;User opened Quiz Intro for module b76949299b594d10b3a5843d129bfddb;quiz_intro_screen;1790217231521;b76949299b594d10b3a5843d129bfddb;Normal Labour and Birth;familiar;289c0715e027451abc8edfdb361119bf;English;;BWU-DHU-QUH-LOB-U1_a7a728e0-dd21-4582-a56c-eb937b8b4e1c;2026-09-24 12:00:06.965291+00
b7e66e4a-c318-4e17-b55c-1c284ecd3cf8;BWU-DHU-QUH-LOB-U1;started;User started quiz 'Normal Labour and Birth' at familiar level;quiz_intro_screen;1790217235000;b76949299b594d10b3a5843d129bfddb;Normal Labour and Birth;familiar;289c0715e027451abc8edfdb361119bf;English;;BWU-DHU-QUH-LOB-U1_a7a728e0-dd21-4582-a56c-eb937b8b4e1c;2026-09-24 12:00:06.965293+00
e72e9616-079b-4177-bc12-466b0decee28;BWU-DHU-QUH-LOB-U1;started;Quiz started for module b76949299b594d10b3a5843d129bfddb;quiz_screen;1790217235019;b76949299b594d10b3a5843d129bfddb;Normal Labour and Birth;familiar;289c0715e027451abc8edfdb361119bf;English;;BWU-DHU-QUH-LOB-U1_a7a728e0-dd21-4582-a56c-eb937b8b4e1c;2026-09-24 12:00:06.965295+00
910a4fd0-b695-41b7-b0df-e8337137d58b;BWU-KUP-TCR-APT-U1;viewed;User opened Quiz Intro for module 35bfebcc72124e8391567e503698aba4;quiz_intro_screen;1790585191579;35bfebcc72124e8391567e503698aba4;Female Genital Mutilation;familiar;cca954e8-6c14-6924-6990-010cd19c7919;null;"{""device_model"": ""M2102J20SI""}";BWU-KUP-TCR-APT-U1_b57138d7-d456-435d-b8be-09cc3e26258a;2026-09-28 12:00:16.972335+00
9c29fb83-ddf0-4bff-add3-15de0045bcbc;BWU-KUP-TCR-APT-U1;exited;User exited Quiz Intro screen for Female Genital Mutilation;quiz_intro_screen;1790585193289;35bfebcc72124e8391567e503698aba4;Female Genital Mutilation;familiar;cca954e8-6c14-6924-6990-010cd19c7919;null;"{""device_model"": ""M2102J20SI""}";BWU-KUP-TCR-APT-U1_b57138d7-d456-435d-b8be-09cc3e26258a;2026-09-28 12:00:16.972341+00
51e7302a-d83b-45bd-a2b4-18bc3266a53e;BWU-KUP-TCR-APT-U1;viewed;User opened Quiz Intro for module 5a13d97dd4ed4574b94e3d91b22091d3;quiz_intro_screen;1790585194875;5a13d97dd4ed4574b94e3d91b22091d3;Safe Abortion;familiar;cca954e8-6c14-6924-6990-010cd19c7919;null;"{""device_model"": ""M2102J20SI""}";BWU-KUP-TCR-APT-U1_b57138d7-d456-435d-b8be-09cc3e26258a;2026-09-28 12:00:16.972344+00
6b4e738a-4336-48ef-b976-369409496353;BWU-KUP-TCR-APT-U1;exited;User exited Quiz Intro screen for Safe Abortion;quiz_intro_screen;1790585196418;5a13d97dd4ed4574b94e3d91b22091d3;Safe Abortion;familiar;cca954e8-6c14-6924-6990-010cd19c7919;null;"{""device_model"": ""M2102J20SI""}";BWU-KUP-TCR-APT-U1_b57138d7-d456-435d-b8be-09cc3e26258a;2026-09-28 12:00:16.972347+00
