id;profile_id;event_type;description;screen_name;event_timestamp;module_id;module_title;klp_id;klp_title;language_id;autonym_script;clicks_used;question_id;answer_id;score;extra;source_file;ingested_at
7db14d10-aee4-4c39-a0a7-dd70e2804ae6;BWU-DHU-QUH-LOB-U1;answered;Answered Question a39cc719-6401-41da-a840-4b01ae39bdfe;quiz_screen;1790216507726;b76949299b594d10b3a5843d129bfddb;Normal Labour and Birth;a80e0a57c80b4f9daa246adf60d3cfe0;The woman can push when;289c0715e027451abc8edfdb361119bf;English;1;a39cc719-6401-41da-a840-4b01ae39bdfe;6396183a29c749abb18326615db62a4c;1;;BWU-DHU-QUH-LOB-U1_a7a728e0-dd21-4582-a56c-eb937b8b4e1c;2026-09-24 12:00:06.96308+00
14185eb7-2ff0-4b32-9835-c00b3ba4c366;BWU-DHU-QUH-LOB-U1;answered;Answered Question 4d321608-c3a8-4646-baa7-d6b90a7631ce;quiz_screen;1790216566840;b76949299b594d10b3a5843d129bfddb;Normal Labour and Birth;eb1db4697ae644be950e225a655df5ec;Strong contractions 5-6 minutes apart;289c0715e027451abc8edfdb361119bf;English;1;4d321608-c3a8-4646-baa7-d6b90a7631ce;e14542dcfbdf4cd39c8db5c74c80f606;0;;BWU-DHU-QUH-LOB-U1_a7a728e0-dd21-4582-a56c-eb937b8b4e1c;2026-09-24 12:00:06.963084+00
e92d8d5f-8d62-4063-b8e2-b47c30c20f9e;BWU-DHU-QUH-LOB-U1;answered;Answered Question 69f44b65-77c9-4ba9-b45e-90f74f71c714;quiz_screen;1790216619862;b76949299b594d10b3a5843d129bfddb;Normal Labour and Birth;f23e923f0ebb4733b87928d6894e49a8;The first thing you do;289c0715e027451abc8edfdb361119bf;English;1;69f44b65-77c9-4ba9-b45e-90f74f71c714;7817f58d492440368aa42f72daf13759;0;;BWU-DHU-QUH-LOB-U1_a7a728e0-dd21-4582-a56c-eb937b8b4e1c;2026-09-24 12:00:06.963086+00
9d17ed60-56f2-427d-9041-d3f7ba12e337;BWU-DHU-QUH-LOB-U1;answered;Answered Question b0e3a216-43d5-4a5d-8ebc-e8024710db35;quiz_screen;1790216698572;b76949299b594d10b3a5843d129bfddb;Normal Labour and Birth;9a2ee2f3f3f041dcac11ec07f0b9fb0d;Good contractions with 3 minutes apart;289c0715e027451abc8edfdb361119bf;English;1;b0e3a216-43d5-4a5d-8ebc-e8024710db35;763473b3559740369c010b34f018ccf7;0;;BWU-DHU-QUH-LOB-U1_a7a728e0-dd21-4582-a56c-eb937b8b4e1c;2026-09-24 12:00:06.963088+00
58e3734d-bee4-4a42-8dff-a25ec86613c4;BWU-DHU-QUH-LOB-U1;answered;Answered Question c39cbbce-a416-44a7-9c68-ae68022f1960;quiz_screen;1790216754971;b76949299b594d10b3a5843d129bfddb;Normal Labour and Birth;38c108dc727a4f2182fd824eb219d627;The baby is born with thick meconium and does not breathe;289c0715e027451abc8edfdb361119bf;English;1;c39cbbce-a416-44a7-9c68-ae68022f1960;d65beb1052844cefb95372bd06a28c9e;0;;BWU-DHU-QUH-LOB-U1_a7a728e0-dd21-4582-a56c-eb937b8b4e1c;2026-09-24 12:00:06.963089+00
64db174e-b06b-4087-a51b-210046341690;BWU-DHU-QUH-LOB-U1;answered;Answered Question c0c9a7a0-6739-4854-ae22-4b0b5437c2df;quiz_screen;1790216787257;b76949299b594d10b3a5843d129bfddb;Normal Labour and Birth;f0ea808b3b3546468fa7c4ddabe5d4ba;What is respectful care;289c0715e027451abc8edfdb361119bf;English;1;c0c9a7a0-6739-4854-ae22-4b0b5437c2df;cacdbbaa4d974bbc89a214ca9afeb1c1;1;;BWU-DHU-QUH-LOB-U1_a7a728e0-dd21-4582-a56c-eb937b8b4e1c;2026-09-24 12:00:06.963091+00
5411a1e7-3123-44a0-a17a-b0e8412a86d2;BWU-DHU-QUH-LOB-U1;answered;Answered Question 9f9bf135-4668-4d69-9d22-149c174e366b;quiz_screen;1790216878832;b76949299b594d10b3a5843d129bfddb;Normal Labour and Birth;ee8cfd0b13384f65aa9ad8bd9c4064b4;Help the woman to get good contractions;289c0715e027451abc8edfdb361119bf;English;3;9f9bf135-4668-4d69-9d22-149c174e366b;"bfc308323bc44b3f8393d389ba8e5bf9,09b0337edeed41ecb6505d267775e9a2,372aae5fc99d408c90632d8a56d070b7";1;;BWU-DHU-QUH-LOB-U1_a7a728e0-dd21-4582-a56c-eb937b8b4e1c;2026-09-24 12:00:06.963093+00
230bb136-ebb0-4ee6-8441-a53ad996dee2;BWU-DHU-QUH-LOB-U1;answered;Answered Question 0bb6d5c0-7208-4b3c-8011-2d83ff4877db;quiz_screen;1790216910310;b76949299b594d10b3a5843d129bfddb;Normal Labour and Birth;377956226dba461ab3e763e5a1638649;How would you help the woman to push;289c0715e027451abc8edfdb361119bf;English;1;"0bb6d5c0-7208-4b3c-8011-2d83ff4877db";4d97ad0a161a46e2a1b142e407836a71;1;;BWU-DHU-QUH-LOB-U1_a7a728e0-dd21-4582-a56c-eb937b8b4e1c;2026-09-24 12:00:06.963094+00
1c301a70-b4b2-46ee-ba9d-ebdc53d16035;BWU-DHU-QUH-LOB-U1;answered;Answered Question a3961d1e-01f1-42ba-8959-1a744357f530;quiz_screen;1790217112763;b76949299b594d10b3a5843d129bfddb;Normal Labour and Birth;d5da3079f8aa4a42a64f3e3bddc7e291;The order of the four steps for palpating the foetus;289c0715e027451abc8edfdb361119bf;English;0;a3961d1e-01f1-42ba-8959-1a744357f530;null;0;;BWU-DHU-QUH-LOB-U1_a7a728e0-dd21-4582-a56c-eb937b8b4e1c;2026-09-24 12:00:06.963096+00
8091a204-580b-4b64-a0a0-0effa948f950;BWU-DHU-QUH-LOB-U1;answered;Answered Question 1b8202ec-68d4-45d3-9199-042c9e834828;quiz_screen;1790217143515;b76949299b594d10b3a5843d129bfddb;Normal Labour and Birth;769eb27c8d114339b0edbec371170b6e;The definition of a normal birth;289c0715e027451abc8edfdb361119bf;English;3;1b8202ec-68d4-45d3-9199-042c9e834828;"6963165bce184f3aba16accfdbf9bd96,15097fbd58e4490c9ca38864025bb8db,d4c057d160ff4c39843fa5f7fc577fa8";1;;BWU-DHU-QUH-LOB-U1_a7a728e0-dd21-4582-a56c-eb937b8b4e1c;2026-09-24 12:00:06.963098+00
de7441a9-3c95-4647-847f-fb05057941cd;BWU-DHU-QUH-LOB-U1;answered;Answered Question 27e99651-cc56-4bac-94d1-d5e0cb50d5c7;quiz_screen;1790217178328;b76949299b594d10b3a5843d129bfddb;Normal Labour and Birth;b7a3a30494db4e42815e7d2866af0164;When the woman is in an upright position;289c0715e027451abc8edfdb361119bf;English;1;27e99651-cc56-4bac-94d1-d5e0cb50d5c7;b66a2d33966a4c949220e24ad8dd2ac6;1;;BWU-DHU-QUH-LOB-U1_a7a728e0-dd21-4582-a56c-eb937b8b4e1c;2026-09-24 12:00:06.963099+00
a8eb9fdb-591a-4dbd-8578-a54ce2668385;BWU-DHU-QUH-LOB-U1;answered;Answered Question 967ed10b-c621-450b-9f42-549f12bbd4b7;quiz_screen;1790217208433;b76949299b594d10b3a5843d129bfddb;Normal Labour and Birth;83d9c1bec3324c6da6e06c6f8d2994b5;Before the baby’s head is about to be born;289c0715e027451abc8edfdb361119bf;English;2;967ed10b-c621-450b-9f42-549f12bbd4b7;"1798ffbb9e8b4158b3b92597dc8a3f12,eb8ef84619ff4b1ba41f5c14a2f42568";1;;BWU-DHU-QUH-LOB-U1_a7a728e0-dd21-4582-a56c-eb937b8b4e1c;2026-09-24 12:00:06.963101+00
5dc305d6-2cd9-4e99-af62-e493b9ec0ff7;BWU-DHU-QUH-LOB-U1;answered;Answered Question 0bb6d5c0-7208-4b3c-8011-2d83ff4877db;quiz_screen;1790217269572;b76949299b594d10b3a5843d129bfddb;Normal Labour and Birth;377956226dba461ab3e763e5a1638649;How would you help the woman to push;289c0715e027451abc8edfdb361119bf;English;1;"0bb6d5c0-7208-4b3c-8011-2d83ff4877db";4d97ad0a161a46e2a1b142e407836a71;1;;BWU-DHU-QUH-LOB-U1_a7a728e0-dd21-4582-a56c-eb937b8b4e1c;2026-09-24 12:00:06.963103+00
f5bca285-7a21-45d2-8aab-51b58fb56717;BWU-DHU-QUH-LOB-U1;answered;Answered Question a39cc719-6401-41da-a840-4b01ae39bdfe;quiz_screen;1790217284602;b76949299b594d10b3a5843d129bfddb;Normal Labour and Birth;a80e0a57c80b4f9daa246adf60d3cfe0;The woman can push when;289c0715e027451abc8edfdb361119bf;English;1;a39cc719-6401-41da-a840-4b01ae39bdfe;6396183a29c749abb18326615db62a4c;1;;BWU-DHU-QUH-LOB-U1_a7a728e0-dd21-4582-a56c-eb937b8b4e1c;2026-09-24 12:00:06.963105+00
3cfdf48d-5bf5-484a-9541-409f3ed40a4c;BWU-DHU-QUH-LOB-U1;answered;Answered Question 1b8202ec-68d4-45d3-9199-042c9e834828;quiz_screen;1790217312086;b76949299b594d10b3a5843d129bfddb;Normal Labour and Birth;769eb27c8d114339b0edbec371170b6e;The definition of a normal birth;289c0715e027451abc8edfdb361119bf;English;5;1b8202ec-68d4-45d3-9199-042c9e834828;"15097fbd58e4490c9ca38864025bb8db,6963165bce184f3aba16accfdbf9bd96,d4c057d160ff4c39843fa5f7fc577fa8";1;;BWU-DHU-QUH-LOB-U1_a7a728e0-dd21-4582-a56c-eb937b8b4e1c;2026-09-24 12:00:06.963106+00
"031b2faa-2fa9-4344-95df-35f783170042";BWU-DHU-QUH-LOB-U1;answered;Answered Question c39cbbce-a416-44a7-9c68-ae68022f1960;quiz_screen;1790217338076;b76949299b594d10b3a5843d129bfddb;Normal Labour and Birth;38c108dc727a4f2182fd824eb219d627;The baby is born with thick meconium and does not breathe;289c0715e027451abc8edfdb361119bf;English;3;c39cbbce-a416-44a7-9c68-ae68022f1960;"0df70116a89045c6ba0b32af2493edce,d65beb1052844cefb95372bd06a28c9e,7b7da835430346c19ef14bb6f87c9d69";0;;BWU-DHU-QUH-LOB-U1_a7a728e0-dd21-4582-a56c-eb937b8b4e1c;2026-09-24 12:00:06.96311+00
"04736e7a-9c09-46de-b64d-cdfd26b04bbe";BWU-DHU-QUH-LOB-U1;answered;Answered Question a3961d1e-01f1-42ba-8959-1a744357f530;quiz_screen;1790217451854;b76949299b594d10b3a5843d129bfddb;Normal Labour and Birth;d5da3079f8aa4a42a64f3e3bddc7e291;The order of the four steps for palpating the foetus;289c0715e027451abc8edfdb361119bf;English;0;a3961d1e-01f1-42ba-8959-1a744357f530;null;0;;BWU-DHU-QUH-LOB-U1_a7a728e0-dd21-4582-a56c-eb937b8b4e1c;2026-09-24 12:00:06.963111+00
9f182ec1-d382-4450-99b1-7ffefb71f0b1;BWU-DHU-QUH-LOB-U1;answered;Answered Question c0c9a7a0-6739-4854-ae22-4b0b5437c2df;quiz_screen;1790217473844;b76949299b594d10b3a5843d129bfddb;Normal Labour and Birth;f0ea808b3b3546468fa7c4ddabe5d4ba;What is respectful care;289c0715e027451abc8edfdb361119bf;English;1;c0c9a7a0-6739-4854-ae22-4b0b5437c2df;cacdbbaa4d974bbc89a214ca9afeb1c1;1;;BWU-DHU-QUH-LOB-U1_a7a728e0-dd21-4582-a56c-eb937b8b4e1c;2026-09-24 12:00:06.963113+00
99bcabba-edf4-4132-bca7-06b4a4ccbaa5;BWU-DHU-QUH-LOB-U1;answered;Answered Question 967ed10b-c621-450b-9f42-549f12bbd4b7;quiz_screen;1790217491671;b76949299b594d10b3a5843d129bfddb;Normal Labour and Birth;83d9c1bec3324c6da6e06c6f8d2994b5;Before the baby’s head is about to be born;289c0715e027451abc8edfdb361119bf;English;2;967ed10b-c621-450b-9f42-549f12bbd4b7;"1798ffbb9e8b4158b3b92597dc8a3f12,eb8ef84619ff4b1ba41f5c14a2f42568";1;;BWU-DHU-QUH-LOB-U1_a7a728e0-dd21-4582-a56c-eb937b8b4e1c;2026-09-24 12:00:06.963115+00
345af56a-4d26-4548-b3b1-00c9f433cfd3;BWU-DHU-QUH-LOB-U1;answered;Answered Question 27e99651-cc56-4bac-94d1-d5e0cb50d5c7;quiz_screen;1790217505326;b76949299b594d10b3a5843d129bfddb;Normal Labour and Birth;b7a3a30494db4e42815e7d2866af0164;When the woman is in an upright position;289c0715e027451abc8edfdb361119bf;English;1;27e99651-cc56-4bac-94d1-d5e0cb50d5c7;b66a2d33966a4c949220e24ad8dd2ac6;1;;BWU-DHU-QUH-LOB-U1_a7a728e0-dd21-4582-a56c-eb937b8b4e1c;2026-09-24 12:00:06.963116+00
475d6a5c-6aac-48ab-8b1c-f17987ad69ec;BWU-DHU-QUH-LOB-U1;answered;Answered Question 9f9bf135-4668-4d69-9d22-149c174e366b;quiz_screen;1790217616693;b76949299b594d10b3a5843d129bfddb;Normal Labour and Birth;ee8cfd0b13384f65aa9ad8bd9c4064b4;Help the woman to get good contractions;289c0715e027451abc8edfdb361119bf;English;2;9f9bf135-4668-4d69-9d22-149c174e366b;"bfc308323bc44b3f8393d389ba8e5bf9,09b0337edeed41ecb6505d267775e9a2";0;;BWU-DHU-QUH-LOB-U1_a7a728e0-dd21-4582-a56c-eb937b8b4e1c;2026-09-24 12:00:06.963118+00
c1ee38db-8e28-4b7f-8c40-33579e5fbe36;BWU-DHU-QUH-LOB-U1;answered;Answered Question 4d321608-c3a8-4646-baa7-d6b90a7631ce;quiz_screen;1790217750584;b76949299b594d10b3a5843d129bfddb;Normal Labour and Birth;eb1db4697ae644be950e225a655df5ec;Strong contractions 5-6 minutes apart;289c0715e027451abc8edfdb361119bf;English;2;4d321608-c3a8-4646-baa7-d6b90a7631ce;"e14542dcfbdf4cd39c8db5c74c80f606,ff7003f30900476c87af107657df7c12";1;;BWU-DHU-QUH-LOB-U1_a7a728e0-dd21-4582-a56c-eb937b8b4e1c;2026-09-24 12:00:06.96312+00
b0b8449d-a010-4c7a-ad63-5392a0ad556b;BWU-DHU-QUH-LOB-U1;answered;Answered Question b0e3a216-43d5-4a5d-8ebc-e8024710db35;quiz_screen;1790217808715;b76949299b594d10b3a5843d129bfddb;Normal Labour and Birth;9a2ee2f3f3f041dcac11ec07f0b9fb0d;Good contractions with 3 minutes apart;289c0715e027451abc8edfdb361119bf;English;5;b0e3a216-43d5-4a5d-8ebc-e8024710db35;"c32792d54ec741098baddeda4a5898ba,763473b3559740369c010b34f018ccf7,492a60e54914459bb6f2a2e6600a077d";0;;BWU-DHU-QUH-LOB-U1_a7a728e0-dd21-4582-a56c-eb937b8b4e1c;2026-09-24 12:00:06.963122+00
1a6421f8-b439-4b7a-9ad2-5b5062912136;BWU-DHU-QUH-LOB-U1;answered;Answered Question 69f44b65-77c9-4ba9-b45e-90f74f71c714;quiz_screen;1790217856795;b76949299b594d10b3a5843d129bfddb;Normal Labour and Birth;f23e923f0ebb4733b87928d6894e49a8;The first thing you do;289c0715e027451abc8edfdb361119bf;English;1;69f44b65-77c9-4ba9-b45e-90f74f71c714;37ee66018b754519837055849082de12;1;;BWU-DHU-QUH-LOB-U1_a7a728e0-dd21-4582-a56c-eb937b8b4e1c;2026-09-24 12:00:06.963123+00
