id;profile_id;event_type;description;screen_name;event_timestamp;migration_stage;extra;source_file;ingested_at
ddd63771-d238-48f9-8b75-cdda8f316d5e;BWU-KUP-TCR-APT-U1;started;User entered migration flow;otp_verification_screen;1790584940896;identity_migration;"{""language_id"": ""cca954e8-6c14-6924-6990-010cd19c7919"", ""contact_type"": ""email"", ""device_model"": ""M2102J20SI"", ""is_local_user"": ""true"", ""migration_flow"": ""identity_migration"", ""migration_step"": ""0""}";BWU-KUP-TCR-APT-U1_b57138d7-d456-435d-b8be-09cc3e26258a;2026-09-28 12:00:16.974054+00
86c9ac56-965a-4553-bed2-5ef63c76f770;BWU-KUP-TCR-APT-U1;started;User entered migration flow;otp_verification_screen;1790584943324;identity_migration;"{""language_id"": ""cca954e8-6c14-6924-6990-010cd19c7919"", ""contact_type"": ""email"", ""device_model"": ""M2102J20SI"", ""is_local_user"": ""true"", ""migration_flow"": ""identity_migration"", ""migration_step"": ""0""}";BWU-KUP-TCR-APT-U1_b57138d7-d456-435d-b8be-09cc3e26258a;2026-09-28 12:00:16.974057+00
c3bb2285-df46-4101-a45b-b2b113898fa5;BWU-KUP-TCR-APT-U1;started;User entered migration flow;otp_verification_screen;1790584945598;identity_migration;"{""language_id"": ""cca954e8-6c14-6924-6990-010cd19c7919"", ""contact_type"": ""email"", ""device_model"": ""M2102J20SI"", ""is_local_user"": ""true"", ""migration_flow"": ""identity_migration"", ""migration_step"": ""0""}";BWU-KUP-TCR-APT-U1_b57138d7-d456-435d-b8be-09cc3e26258a;2026-09-28 12:00:16.97406+00
ceb60923-9960-48bc-8617-9645ee7678dc;BWU-KUP-TCR-APT-U1;started;User entered migration flow;otp_verification_screen;1790584946355;identity_migration;"{""language_id"": ""cca954e8-6c14-6924-6990-010cd19c7919"", ""contact_type"": ""email"", ""device_model"": ""M2102J20SI"", ""is_local_user"": ""true"", ""migration_flow"": ""identity_migration"", ""migration_step"": ""0""}";BWU-KUP-TCR-APT-U1_b57138d7-d456-435d-b8be-09cc3e26258a;2026-09-28 12:00:16.974062+00
6f35a4b7-826d-4e85-b4e1-00825d8c25fc;BWU-KUP-TCR-APT-U1;started;User entered migration flow;otp_verification_screen;1790584946980;identity_migration;"{""language_id"": ""cca954e8-6c14-6924-6990-010cd19c7919"", ""contact_type"": ""email"", ""device_model"": ""M2102J20SI"", ""is_local_user"": ""true"", ""migration_flow"": ""identity_migration"", ""migration_step"": ""0""}";BWU-KUP-TCR-APT-U1_b57138d7-d456-435d-b8be-09cc3e26258a;2026-09-28 12:00:16.974064+00
4d036aa7-68a9-4542-be94-95bf4ed3be58;BWU-KUP-TCR-APT-U1;started;User entered migration flow;otp_verification_screen;1790584947198;identity_migration;"{""language_id"": ""cca954e8-6c14-6924-6990-010cd19c7919"", ""contact_type"": ""email"", ""device_model"": ""M2102J20SI"", ""is_local_user"": ""true"", ""migration_flow"": ""identity_migration"", ""migration_step"": ""0""}";BWU-KUP-TCR-APT-U1_b57138d7-d456-435d-b8be-09cc3e26258a;2026-09-28 12:00:16.974066+00
951ab200-7fc7-4d35-b4f7-11031075f1d8;BWU-KUP-TCR-APT-U1;started;User entered migration flow;otp_verification_screen;1790584947387;identity_migration;"{""language_id"": ""cca954e8-6c14-6924-6990-010cd19c7919"", ""contact_type"": ""email"", ""device_model"": ""M2102J20SI"", ""is_local_user"": ""true"", ""migration_flow"": ""identity_migration"", ""migration_step"": ""0""}";BWU-KUP-TCR-APT-U1_b57138d7-d456-435d-b8be-09cc3e26258a;2026-09-28 12:00:16.974067+00
77ce78f3-1e8a-47a2-bbda-bfe4caf873c4;BWU-KUP-TCR-APT-U1;started;User entered migration flow;otp_verification_screen;1790584947564;identity_migration;"{""language_id"": ""cca954e8-6c14-6924-6990-010cd19c7919"", ""contact_type"": ""email"", ""device_model"": ""M2102J20SI"", ""is_local_user"": ""true"", ""migration_flow"": ""identity_migration"", ""migration_step"": ""0""}";BWU-KUP-TCR-APT-U1_b57138d7-d456-435d-b8be-09cc3e26258a;2026-09-28 12:00:16.974069+00
c34731f2-96e6-4fa3-abc5-136560dd415b;BWU-KUP-TCR-APT-U1;started;User entered migration flow;otp_verification_screen;1790584947748;identity_migration;"{""language_id"": ""cca954e8-6c14-6924-6990-010cd19c7919"", ""contact_type"": ""email"", ""device_model"": ""M2102J20SI"", ""is_local_user"": ""true"", ""migration_flow"": ""identity_migration"", ""migration_step"": ""0""}";BWU-KUP-TCR-APT-U1_b57138d7-d456-435d-b8be-09cc3e26258a;2026-09-28 12:00:16.974071+00
29348ae2-24c8-4c42-b3a3-d13920611698;BWU-KUP-TCR-APT-U1;started;User entered migration flow;otp_verification_screen;1790584947936;identity_migration;"{""language_id"": ""cca954e8-6c14-6924-6990-010cd19c7919"", ""contact_type"": ""email"", ""device_model"": ""M2102J20SI"", ""is_local_user"": ""true"", ""migration_flow"": ""identity_migration"", ""migration_step"": ""0""}";BWU-KUP-TCR-APT-U1_b57138d7-d456-435d-b8be-09cc3e26258a;2026-09-28 12:00:16.974073+00
7aeebca2-1f6c-4345-bd5a-66afbb5e3fb7;BWU-KUP-TCR-APT-U1;started;User entered migration flow;otp_verification_screen;1790584948155;identity_migration;"{""language_id"": ""cca954e8-6c14-6924-6990-010cd19c7919"", ""contact_type"": ""email"", ""device_model"": ""M2102J20SI"", ""is_local_user"": ""true"", ""migration_flow"": ""identity_migration"", ""migration_step"": ""0""}";BWU-KUP-TCR-APT-U1_b57138d7-d456-435d-b8be-09cc3e26258a;2026-09-28 12:00:16.974074+00
9d5fa6d7-6960-4e45-8948-472572a2e36c;BWU-KUP-TCR-APT-U1;started;User entered migration flow;otp_verification_screen;1790584948658;identity_migration;"{""language_id"": ""cca954e8-6c14-6924-6990-010cd19c7919"", ""contact_type"": ""email"", ""device_model"": ""M2102J20SI"", ""is_local_user"": ""true"", ""migration_flow"": ""identity_migration"", ""migration_step"": ""0""}";BWU-KUP-TCR-APT-U1_b57138d7-d456-435d-b8be-09cc3e26258a;2026-09-28 12:00:16.974076+00
3511ead5-d9e4-4961-afcd-594cc911afdc;BWU-KUP-TCR-APT-U1;started;User entered migration flow;otp_verification_screen;1790584948882;identity_migration;"{""language_id"": ""cca954e8-6c14-6924-6990-010cd19c7919"", ""contact_type"": ""email"", ""device_model"": ""M2102J20SI"", ""is_local_user"": ""true"", ""migration_flow"": ""identity_migration"", ""migration_step"": ""0""}";BWU-KUP-TCR-APT-U1_b57138d7-d456-435d-b8be-09cc3e26258a;2026-09-28 12:00:16.974077+00
caadea92-6c2f-4dcf-9e9d-a6a8a57d0213;BWU-KUP-TCR-APT-U1;started;User entered migration flow;otp_verification_screen;1790584949132;identity_migration;"{""language_id"": ""cca954e8-6c14-6924-6990-010cd19c7919"", ""contact_type"": ""email"", ""device_model"": ""M2102J20SI"", ""is_local_user"": ""true"", ""migration_flow"": ""identity_migration"", ""migration_step"": ""0""}";BWU-KUP-TCR-APT-U1_b57138d7-d456-435d-b8be-09cc3e26258a;2026-09-28 12:00:16.974079+00
6b9a5eb9-80b8-4139-8940-94c82135c4f4;BWU-KUP-TCR-APT-U1;started;User entered migration flow;otp_verification_screen;1790584949352;identity_migration;"{""language_id"": ""cca954e8-6c14-6924-6990-010cd19c7919"", ""contact_type"": ""email"", ""device_model"": ""M2102J20SI"", ""is_local_user"": ""true"", ""migration_flow"": ""identity_migration"", ""migration_step"": ""0""}";BWU-KUP-TCR-APT-U1_b57138d7-d456-435d-b8be-09cc3e26258a;2026-09-28 12:00:16.974081+00
b765d565-8e74-4714-b06b-fd83e15be861;BWU-KUP-TCR-APT-U1;started;User entered migration flow;otp_verification_screen;1790584950324;identity_migration;"{""language_id"": ""cca954e8-6c14-6924-6990-010cd19c7919"", ""contact_type"": ""email"", ""device_model"": ""M2102J20SI"", ""is_local_user"": ""true"", ""migration_flow"": ""identity_migration"", ""migration_step"": ""0""}";BWU-KUP-TCR-APT-U1_b57138d7-d456-435d-b8be-09cc3e26258a;2026-09-28 12:00:16.974082+00
7ad365e1-d4a8-4f80-9244-af3fa67c992b;BWU-KUP-TCR-APT-U1;started;User entered migration flow;otp_verification_screen;1790584950491;identity_migration;"{""language_id"": ""cca954e8-6c14-6924-6990-010cd19c7919"", ""contact_type"": ""email"", ""device_model"": ""M2102J20SI"", ""is_local_user"": ""true"", ""migration_flow"": ""identity_migration"", ""migration_step"": ""0""}";BWU-KUP-TCR-APT-U1_b57138d7-d456-435d-b8be-09cc3e26258a;2026-09-28 12:00:16.974084+00
fccd2a6a-ff39-4a63-b753-76eb20a3b4c9;BWU-KUP-TCR-APT-U1;started;User entered migration flow;otp_verification_screen;1790584950660;identity_migration;"{""language_id"": ""cca954e8-6c14-6924-6990-010cd19c7919"", ""contact_type"": ""email"", ""device_model"": ""M2102J20SI"", ""is_local_user"": ""true"", ""migration_flow"": ""identity_migration"", ""migration_step"": ""0""}";BWU-KUP-TCR-APT-U1_b57138d7-d456-435d-b8be-09cc3e26258a;2026-09-28 12:00:16.974086+00
1bc2e85d-6704-4f65-bb25-c137dc6387e0;BWU-KUP-TCR-APT-U1;started;User entered migration flow;otp_verification_screen;1790584950825;identity_migration;"{""language_id"": ""cca954e8-6c14-6924-6990-010cd19c7919"", ""contact_type"": ""email"", ""device_model"": ""M2102J20SI"", ""is_local_user"": ""true"", ""migration_flow"": ""identity_migration"", ""migration_step"": ""0""}";BWU-KUP-TCR-APT-U1_b57138d7-d456-435d-b8be-09cc3e26258a;2026-09-28 12:00:16.974087+00
b78be70b-ec58-4d6c-a727-2d872e9ba851;BWU-KUP-TCR-APT-U1;started;User entered migration flow;otp_verification_screen;1790584950976;identity_migration;"{""language_id"": ""cca954e8-6c14-6924-6990-010cd19c7919"", ""contact_type"": ""email"", ""device_model"": ""M2102J20SI"", ""is_local_user"": ""true"", ""migration_flow"": ""identity_migration"", ""migration_step"": ""0""}";BWU-KUP-TCR-APT-U1_b57138d7-d456-435d-b8be-09cc3e26258a;2026-09-28 12:00:16.974089+00
e7033c75-2882-4440-9152-f3f91b5810f1;BWU-KUP-TCR-APT-U1;started;User entered migration flow;otp_verification_screen;1790584951126;identity_migration;"{""language_id"": ""cca954e8-6c14-6924-6990-010cd19c7919"", ""contact_type"": ""email"", ""device_model"": ""M2102J20SI"", ""is_local_user"": ""true"", ""migration_flow"": ""identity_migration"", ""migration_step"": ""0""}";BWU-KUP-TCR-APT-U1_b57138d7-d456-435d-b8be-09cc3e26258a;2026-09-28 12:00:16.97409+00
5969d4c9-83dc-419a-9c67-bf90806a22d0;BWU-KUP-TCR-APT-U1;started;User entered migration flow;otp_verification_screen;1790584951292;identity_migration;"{""language_id"": ""cca954e8-6c14-6924-6990-010cd19c7919"", ""contact_type"": ""email"", ""device_model"": ""M2102J20SI"", ""is_local_user"": ""true"", ""migration_flow"": ""identity_migration"", ""migration_step"": ""0""}";BWU-KUP-TCR-APT-U1_b57138d7-d456-435d-b8be-09cc3e26258a;2026-09-28 12:00:16.974092+00
90b8bb79-9902-4b53-ad90-d4cd493ef577;BWU-KUP-TCR-APT-U1;started;User entered migration flow;otp_verification_screen;1790584951431;identity_migration;"{""language_id"": ""cca954e8-6c14-6924-6990-010cd19c7919"", ""contact_type"": ""email"", ""device_model"": ""M2102J20SI"", ""is_local_user"": ""true"", ""migration_flow"": ""identity_migration"", ""migration_step"": ""0""}";BWU-KUP-TCR-APT-U1_b57138d7-d456-435d-b8be-09cc3e26258a;2026-09-28 12:00:16.974094+00
84584a89-9654-42bd-a65c-51306f4a6d27;BWU-KUP-TCR-APT-U1;started;User entered migration flow;otp_verification_screen;1790584951596;identity_migration;"{""language_id"": ""cca954e8-6c14-6924-6990-010cd19c7919"", ""contact_type"": ""email"", ""device_model"": ""M2102J20SI"", ""is_local_user"": ""true"", ""migration_flow"": ""identity_migration"", ""migration_step"": ""0""}";BWU-KUP-TCR-APT-U1_b57138d7-d456-435d-b8be-09cc3e26258a;2026-09-28 12:00:16.974095+00
e357523d-c0f4-4937-9374-7b22bf96fa17;BWU-KUP-TCR-APT-U1;started;User entered migration flow;otp_verification_screen;1790584951811;identity_migration;"{""language_id"": ""cca954e8-6c14-6924-6990-010cd19c7919"", ""contact_type"": ""email"", ""device_model"": ""M2102J20SI"", ""is_local_user"": ""true"", ""migration_flow"": ""identity_migration"", ""migration_step"": ""0""}";BWU-KUP-TCR-APT-U1_b57138d7-d456-435d-b8be-09cc3e26258a;2026-09-28 12:00:16.974097+00
7f31a537-df4d-49e3-8d5f-2932f743f282;BWU-KUP-TCR-APT-U1;started;User entered migration flow;otp_verification_screen;1790584951995;identity_migration;"{""language_id"": ""cca954e8-6c14-6924-6990-010cd19c7919"", ""contact_type"": ""email"", ""device_model"": ""M2102J20SI"", ""is_local_user"": ""true"", ""migration_flow"": ""identity_migration"", ""migration_step"": ""0""}";BWU-KUP-TCR-APT-U1_b57138d7-d456-435d-b8be-09cc3e26258a;2026-09-28 12:00:16.974098+00
471f770b-213c-4049-b678-134fdc60e702;BWU-KUP-TCR-APT-U1;started;User entered migration flow;otp_verification_screen;1790584952178;identity_migration;"{""language_id"": ""cca954e8-6c14-6924-6990-010cd19c7919"", ""contact_type"": ""email"", ""device_model"": ""M2102J20SI"", ""is_local_user"": ""true"", ""migration_flow"": ""identity_migration"", ""migration_step"": ""0""}";BWU-KUP-TCR-APT-U1_b57138d7-d456-435d-b8be-09cc3e26258a;2026-09-28 12:00:16.9741+00
cb8055ac-b4bc-49e8-94a8-6700775f3ab9;BWU-KUP-TCR-APT-U1;started;User entered migration flow;otp_verification_screen;1790584952500;identity_migration;"{""language_id"": ""cca954e8-6c14-6924-6990-010cd19c7919"", ""contact_type"": ""email"", ""device_model"": ""M2102J20SI"", ""is_local_user"": ""true"", ""migration_flow"": ""identity_migration"", ""migration_step"": ""0""}";BWU-KUP-TCR-APT-U1_b57138d7-d456-435d-b8be-09cc3e26258a;2026-09-28 12:00:16.974102+00
44981a6a-9d74-4fef-af6e-9749862d9fe8;BWU-KUP-TCR-APT-U1;started;User entered migration flow;otp_verification_screen;1790584952650;identity_migration;"{""language_id"": ""cca954e8-6c14-6924-6990-010cd19c7919"", ""contact_type"": ""email"", ""device_model"": ""M2102J20SI"", ""is_local_user"": ""true"", ""migration_flow"": ""identity_migration"", ""migration_step"": ""0""}";BWU-KUP-TCR-APT-U1_b57138d7-d456-435d-b8be-09cc3e26258a;2026-09-28 12:00:16.974103+00
854c3108-ffa7-4072-90f9-a1cffdb74025;BWU-KUP-TCR-APT-U1;started;User entered migration flow;otp_verification_screen;1790584952803;identity_migration;"{""language_id"": ""cca954e8-6c14-6924-6990-010cd19c7919"", ""contact_type"": ""email"", ""device_model"": ""M2102J20SI"", ""is_local_user"": ""true"", ""migration_flow"": ""identity_migration"", ""migration_step"": ""0""}";BWU-KUP-TCR-APT-U1_b57138d7-d456-435d-b8be-09cc3e26258a;2026-09-28 12:00:16.974105+00
81b99e11-af91-44f9-a350-24c3953357e8;BWU-KUP-TCR-APT-U1;started;User entered migration flow;otp_verification_screen;1790584952969;identity_migration;"{""language_id"": ""cca954e8-6c14-6924-6990-010cd19c7919"", ""contact_type"": ""email"", ""device_model"": ""M2102J20SI"", ""is_local_user"": ""true"", ""migration_flow"": ""identity_migration"", ""migration_step"": ""0""}";BWU-KUP-TCR-APT-U1_b57138d7-d456-435d-b8be-09cc3e26258a;2026-09-28 12:00:16.974107+00
dd5b7cdc-7055-4a35-97b8-abd06c06c436;BWU-KUP-TCR-APT-U1;started;User entered migration flow;otp_verification_screen;1790584953134;identity_migration;"{""language_id"": ""cca954e8-6c14-6924-6990-010cd19c7919"", ""contact_type"": ""email"", ""device_model"": ""M2102J20SI"", ""is_local_user"": ""true"", ""migration_flow"": ""identity_migration"", ""migration_step"": ""0""}";BWU-KUP-TCR-APT-U1_b57138d7-d456-435d-b8be-09cc3e26258a;2026-09-28 12:00:16.974108+00
779add57-d60c-4853-bf51-7b437aca9f20;BWU-KUP-TCR-APT-U1;started;User entered migration flow;otp_verification_screen;1790584953301;identity_migration;"{""language_id"": ""cca954e8-6c14-6924-6990-010cd19c7919"", ""contact_type"": ""email"", ""device_model"": ""M2102J20SI"", ""is_local_user"": ""true"", ""migration_flow"": ""identity_migration"", ""migration_step"": ""0""}";BWU-KUP-TCR-APT-U1_b57138d7-d456-435d-b8be-09cc3e26258a;2026-09-28 12:00:16.97411+00
2edf8f7d-43f4-4d18-980a-f61ab39c29f9;BWU-KUP-TCR-APT-U1;started;User entered migration flow;otp_verification_screen;1790584953474;identity_migration;"{""language_id"": ""cca954e8-6c14-6924-6990-010cd19c7919"", ""contact_type"": ""email"", ""device_model"": ""M2102J20SI"", ""is_local_user"": ""true"", ""migration_flow"": ""identity_migration"", ""migration_step"": ""0""}";BWU-KUP-TCR-APT-U1_b57138d7-d456-435d-b8be-09cc3e26258a;2026-09-28 12:00:16.974112+00
8328002c-4591-4d6c-9c86-e2db7cdf6deb;BWU-KUP-TCR-APT-U1;started;User entered migration flow;otp_verification_screen;1790584953669;identity_migration;"{""language_id"": ""cca954e8-6c14-6924-6990-010cd19c7919"", ""contact_type"": ""email"", ""device_model"": ""M2102J20SI"", ""is_local_user"": ""true"", ""migration_flow"": ""identity_migration"", ""migration_step"": ""0""}";BWU-KUP-TCR-APT-U1_b57138d7-d456-435d-b8be-09cc3e26258a;2026-09-28 12:00:16.974114+00
6dd33640-be2e-41f3-aa59-1b9891cc4987;BWU-KUP-TCR-APT-U1;started;User entered migration flow;otp_verification_screen;1790584953870;identity_migration;"{""language_id"": ""cca954e8-6c14-6924-6990-010cd19c7919"", ""contact_type"": ""email"", ""device_model"": ""M2102J20SI"", ""is_local_user"": ""true"", ""migration_flow"": ""identity_migration"", ""migration_step"": ""0""}";BWU-KUP-TCR-APT-U1_b57138d7-d456-435d-b8be-09cc3e26258a;2026-09-28 12:00:16.974115+00
22601030-4459-44d4-aa89-d47ee949eef4;BWU-KUP-TCR-APT-U1;started;User entered migration flow;otp_verification_screen;1790584954095;identity_migration;"{""language_id"": ""cca954e8-6c14-6924-6990-010cd19c7919"", ""contact_type"": ""email"", ""device_model"": ""M2102J20SI"", ""is_local_user"": ""true"", ""migration_flow"": ""identity_migration"", ""migration_step"": ""0""}";BWU-KUP-TCR-APT-U1_b57138d7-d456-435d-b8be-09cc3e26258a;2026-09-28 12:00:16.974117+00
cf5022be-3f6d-4a14-a7ab-f7fa3147e0c2;BWU-KUP-TCR-APT-U1;started;User entered migration flow;otp_verification_screen;1790584954406;identity_migration;"{""language_id"": ""cca954e8-6c14-6924-6990-010cd19c7919"", ""contact_type"": ""email"", ""device_model"": ""M2102J20SI"", ""is_local_user"": ""true"", ""migration_flow"": ""identity_migration"", ""migration_step"": ""0""}";BWU-KUP-TCR-APT-U1_b57138d7-d456-435d-b8be-09cc3e26258a;2026-09-28 12:00:16.974119+00
f70447df-9747-4502-939f-84dd54e1f80b;BWU-KUP-TCR-APT-U1;started;User entered migration flow;otp_verification_screen;1790584954730;identity_migration;"{""language_id"": ""cca954e8-6c14-6924-6990-010cd19c7919"", ""contact_type"": ""email"", ""device_model"": ""M2102J20SI"", ""is_local_user"": ""true"", ""migration_flow"": ""identity_migration"", ""migration_step"": ""0""}";BWU-KUP-TCR-APT-U1_b57138d7-d456-435d-b8be-09cc3e26258a;2026-09-28 12:00:16.97412+00
77069a3b-4ed3-48b6-9194-168ff2462454;BWU-KUP-TCR-APT-U1;started;User entered migration flow;otp_verification_screen;1790584954986;identity_migration;"{""language_id"": ""cca954e8-6c14-6924-6990-010cd19c7919"", ""contact_type"": ""email"", ""device_model"": ""M2102J20SI"", ""is_local_user"": ""true"", ""migration_flow"": ""identity_migration"", ""migration_step"": ""0""}";BWU-KUP-TCR-APT-U1_b57138d7-d456-435d-b8be-09cc3e26258a;2026-09-28 12:00:16.974122+00
6f5cc2e2-fea6-474e-bca2-fe39b835ed4a;BWU-KUP-TCR-APT-U1;started;User entered migration flow;otp_verification_screen;1790584955217;identity_migration;"{""language_id"": ""cca954e8-6c14-6924-6990-010cd19c7919"", ""contact_type"": ""email"", ""device_model"": ""M2102J20SI"", ""is_local_user"": ""true"", ""migration_flow"": ""identity_migration"", ""migration_step"": ""0""}";BWU-KUP-TCR-APT-U1_b57138d7-d456-435d-b8be-09cc3e26258a;2026-09-28 12:00:16.974123+00
7a7908f8-9e81-4183-a138-d1a885ff1295;BWU-KUP-TCR-APT-U1;started;User entered migration flow;otp_verification_screen;1790584959147;identity_migration;"{""language_id"": ""cca954e8-6c14-6924-6990-010cd19c7919"", ""contact_type"": ""email"", ""device_model"": ""M2102J20SI"", ""is_local_user"": ""true"", ""migration_flow"": ""identity_migration"", ""migration_step"": ""0""}";BWU-KUP-TCR-APT-U1_b57138d7-d456-435d-b8be-09cc3e26258a;2026-09-28 12:00:16.974125+00
39df3ffc-3515-489a-82a2-e4527872b550;BWU-KUP-TCR-APT-U1;started;User entered migration flow;otp_verification_screen;1790584959738;identity_migration;"{""language_id"": ""cca954e8-6c14-6924-6990-010cd19c7919"", ""contact_type"": ""email"", ""device_model"": ""M2102J20SI"", ""is_local_user"": ""true"", ""migration_flow"": ""identity_migration"", ""migration_step"": ""0""}";BWU-KUP-TCR-APT-U1_b57138d7-d456-435d-b8be-09cc3e26258a;2026-09-28 12:00:16.974127+00
5c0d1d8f-ecdd-48b9-826d-373c96bb4909;BWU-KUP-TCR-APT-U1;started;User entered migration flow;otp_verification_screen;1790584959938;identity_migration;"{""language_id"": ""cca954e8-6c14-6924-6990-010cd19c7919"", ""contact_type"": ""email"", ""device_model"": ""M2102J20SI"", ""is_local_user"": ""true"", ""migration_flow"": ""identity_migration"", ""migration_step"": ""0""}";BWU-KUP-TCR-APT-U1_b57138d7-d456-435d-b8be-09cc3e26258a;2026-09-28 12:00:16.974128+00
e0393618-0f66-4d4c-83e6-fab7e0f62d98;BWU-KUP-TCR-APT-U1;started;User entered migration flow;otp_verification_screen;1790584960135;identity_migration;"{""language_id"": ""cca954e8-6c14-6924-6990-010cd19c7919"", ""contact_type"": ""email"", ""device_model"": ""M2102J20SI"", ""is_local_user"": ""true"", ""migration_flow"": ""identity_migration"", ""migration_step"": ""0""}";BWU-KUP-TCR-APT-U1_b57138d7-d456-435d-b8be-09cc3e26258a;2026-09-28 12:00:16.97413+00
4c403394-9ef7-4a81-ba9f-cd2ecf98e86d;BWU-KUP-TCR-APT-U1;started;User entered migration flow;otp_verification_screen;1790584960319;identity_migration;"{""language_id"": ""cca954e8-6c14-6924-6990-010cd19c7919"", ""contact_type"": ""email"", ""device_model"": ""M2102J20SI"", ""is_local_user"": ""true"", ""migration_flow"": ""identity_migration"", ""migration_step"": ""0""}";BWU-KUP-TCR-APT-U1_b57138d7-d456-435d-b8be-09cc3e26258a;2026-09-28 12:00:16.974131+00
70c806e7-a997-4a3e-ab8d-4076e5eca1f2;BWU-KUP-TCR-APT-U1;started;User entered migration flow;otp_verification_screen;1790584960501;identity_migration;"{""language_id"": ""cca954e8-6c14-6924-6990-010cd19c7919"", ""contact_type"": ""email"", ""device_model"": ""M2102J20SI"", ""is_local_user"": ""true"", ""migration_flow"": ""identity_migration"", ""migration_step"": ""0""}";BWU-KUP-TCR-APT-U1_b57138d7-d456-435d-b8be-09cc3e26258a;2026-09-28 12:00:16.974134+00
803cf44d-0d73-4a3a-bfaa-dbfcc5e93ffe;BWU-KUP-TCR-APT-U1;started;User entered migration flow;otp_verification_screen;1790584960686;identity_migration;"{""language_id"": ""cca954e8-6c14-6924-6990-010cd19c7919"", ""contact_type"": ""email"", ""device_model"": ""M2102J20SI"", ""is_local_user"": ""true"", ""migration_flow"": ""identity_migration"", ""migration_step"": ""0""}";BWU-KUP-TCR-APT-U1_b57138d7-d456-435d-b8be-09cc3e26258a;2026-09-28 12:00:16.974135+00
6da01789-80d7-4a06-95e3-578d6b00ecf3;BWU-KUP-TCR-APT-U1;started;User entered migration flow;otp_verification_screen;1790584960887;identity_migration;"{""language_id"": ""cca954e8-6c14-6924-6990-010cd19c7919"", ""contact_type"": ""email"", ""device_model"": ""M2102J20SI"", ""is_local_user"": ""true"", ""migration_flow"": ""identity_migration"", ""migration_step"": ""0""}";BWU-KUP-TCR-APT-U1_b57138d7-d456-435d-b8be-09cc3e26258a;2026-09-28 12:00:16.974137+00
eabd937d-d030-446f-855e-e6c5be172c28;BWU-KUP-TCR-APT-U1;started;User entered migration flow;otp_verification_screen;1790584961076;identity_migration;"{""language_id"": ""cca954e8-6c14-6924-6990-010cd19c7919"", ""contact_type"": ""email"", ""device_model"": ""M2102J20SI"", ""is_local_user"": ""true"", ""migration_flow"": ""identity_migration"", ""migration_step"": ""0""}";BWU-KUP-TCR-APT-U1_b57138d7-d456-435d-b8be-09cc3e26258a;2026-09-28 12:00:16.974139+00
523d8eb9-4cb0-4bfc-8e01-bc3bc8e1df89;BWU-KUP-TCR-APT-U1;started;User entered migration flow;otp_verification_screen;1790584961290;identity_migration;"{""language_id"": ""cca954e8-6c14-6924-6990-010cd19c7919"", ""contact_type"": ""email"", ""device_model"": ""M2102J20SI"", ""is_local_user"": ""true"", ""migration_flow"": ""identity_migration"", ""migration_step"": ""0""}";BWU-KUP-TCR-APT-U1_b57138d7-d456-435d-b8be-09cc3e26258a;2026-09-28 12:00:16.97414+00
709ea8ef-c9c3-4423-a02d-188f2c763571;BWU-KUP-TCR-APT-U1;started;User entered migration flow;otp_verification_screen;1790584961556;identity_migration;"{""language_id"": ""cca954e8-6c14-6924-6990-010cd19c7919"", ""contact_type"": ""email"", ""device_model"": ""M2102J20SI"", ""is_local_user"": ""true"", ""migration_flow"": ""identity_migration"", ""migration_step"": ""0""}";BWU-KUP-TCR-APT-U1_b57138d7-d456-435d-b8be-09cc3e26258a;2026-09-28 12:00:16.974142+00
ab8d2a73-0f9c-48ba-a7b4-c746357845d2;BWU-KUP-TCR-APT-U1;started;User entered migration flow;otp_verification_screen;1790584963549;identity_migration;"{""language_id"": ""cca954e8-6c14-6924-6990-010cd19c7919"", ""contact_type"": ""email"", ""device_model"": ""M2102J20SI"", ""is_local_user"": ""true"", ""migration_flow"": ""identity_migration"", ""migration_step"": ""0""}";BWU-KUP-TCR-APT-U1_b57138d7-d456-435d-b8be-09cc3e26258a;2026-09-28 12:00:16.974144+00
446bff8d-58bb-42b5-9c7a-dc4b5270a644;BWU-KUP-TCR-APT-U1;started;User entered migration flow;otp_verification_screen;1790584963748;identity_migration;"{""language_id"": ""cca954e8-6c14-6924-6990-010cd19c7919"", ""contact_type"": ""email"", ""device_model"": ""M2102J20SI"", ""is_local_user"": ""true"", ""migration_flow"": ""identity_migration"", ""migration_step"": ""0""}";BWU-KUP-TCR-APT-U1_b57138d7-d456-435d-b8be-09cc3e26258a;2026-09-28 12:00:16.974146+00
b0d87608-1de6-41d7-aa14-46cc46834f51;BWU-KUP-TCR-APT-U1;started;User entered migration flow;otp_verification_screen;1790584963911;identity_migration;"{""language_id"": ""cca954e8-6c14-6924-6990-010cd19c7919"", ""contact_type"": ""email"", ""device_model"": ""M2102J20SI"", ""is_local_user"": ""true"", ""migration_flow"": ""identity_migration"", ""migration_step"": ""0""}";BWU-KUP-TCR-APT-U1_b57138d7-d456-435d-b8be-09cc3e26258a;2026-09-28 12:00:16.974147+00
"0222deed-d834-4a58-a75d-fde832d5ca49";BWU-KUP-TCR-APT-U1;started;User entered migration flow;otp_verification_screen;1790584964079;identity_migration;"{""language_id"": ""cca954e8-6c14-6924-6990-010cd19c7919"", ""contact_type"": ""email"", ""device_model"": ""M2102J20SI"", ""is_local_user"": ""true"", ""migration_flow"": ""identity_migration"", ""migration_step"": ""0""}";BWU-KUP-TCR-APT-U1_b57138d7-d456-435d-b8be-09cc3e26258a;2026-09-28 12:00:16.974149+00
44bdde73-9f64-4166-9bf5-d6c39521a19b;BWU-KUP-TCR-APT-U1;started;User entered migration flow;otp_verification_screen;1790584965451;identity_migration;"{""language_id"": ""cca954e8-6c14-6924-6990-010cd19c7919"", ""contact_type"": ""email"", ""device_model"": ""M2102J20SI"", ""is_local_user"": ""true"", ""migration_flow"": ""identity_migration"", ""migration_step"": ""0""}";BWU-KUP-TCR-APT-U1_b57138d7-d456-435d-b8be-09cc3e26258a;2026-09-28 12:00:16.974151+00
5b8a6436-40b9-479b-978f-f46e43346d29;BWU-KUP-TCR-APT-U1;started;User entered migration flow;otp_verification_screen;1790584965597;identity_migration;"{""language_id"": ""cca954e8-6c14-6924-6990-010cd19c7919"", ""contact_type"": ""email"", ""device_model"": ""M2102J20SI"", ""is_local_user"": ""true"", ""migration_flow"": ""identity_migration"", ""migration_step"": ""0""}";BWU-KUP-TCR-APT-U1_b57138d7-d456-435d-b8be-09cc3e26258a;2026-09-28 12:00:16.974152+00
4d3513c4-c270-42e1-99a4-eddad1e7faef;BWU-KUP-TCR-APT-U1;started;User entered migration flow;otp_verification_screen;1790584965760;identity_migration;"{""language_id"": ""cca954e8-6c14-6924-6990-010cd19c7919"", ""contact_type"": ""email"", ""device_model"": ""M2102J20SI"", ""is_local_user"": ""true"", ""migration_flow"": ""identity_migration"", ""migration_step"": ""0""}";BWU-KUP-TCR-APT-U1_b57138d7-d456-435d-b8be-09cc3e26258a;2026-09-28 12:00:16.974154+00
19ccafea-4052-456b-97ad-b23a00429419;BWU-KUP-TCR-APT-U1;started;User entered migration flow;otp_verification_screen;1790584965893;identity_migration;"{""language_id"": ""cca954e8-6c14-6924-6990-010cd19c7919"", ""contact_type"": ""email"", ""device_model"": ""M2102J20SI"", ""is_local_user"": ""true"", ""migration_flow"": ""identity_migration"", ""migration_step"": ""0""}";BWU-KUP-TCR-APT-U1_b57138d7-d456-435d-b8be-09cc3e26258a;2026-09-28 12:00:16.974156+00
3d5d39fa-d55e-45aa-89d0-1ebeb6e951b7;BWU-KUP-TCR-APT-U1;started;User entered migration flow;otp_verification_screen;1790584966034;identity_migration;"{""language_id"": ""cca954e8-6c14-6924-6990-010cd19c7919"", ""contact_type"": ""email"", ""device_model"": ""M2102J20SI"", ""is_local_user"": ""true"", ""migration_flow"": ""identity_migration"", ""migration_step"": ""0""}";BWU-KUP-TCR-APT-U1_b57138d7-d456-435d-b8be-09cc3e26258a;2026-09-28 12:00:16.974157+00
19719c32-ca86-402e-b8e9-fa8d89ff14f1;BWU-KUP-TCR-APT-U1;started;User entered migration flow;otp_verification_screen;1790584966177;identity_migration;"{""language_id"": ""cca954e8-6c14-6924-6990-010cd19c7919"", ""contact_type"": ""email"", ""device_model"": ""M2102J20SI"", ""is_local_user"": ""true"", ""migration_flow"": ""identity_migration"", ""migration_step"": ""0""}";BWU-KUP-TCR-APT-U1_b57138d7-d456-435d-b8be-09cc3e26258a;2026-09-28 12:00:16.974159+00
625025b4-4a3f-4246-af5d-a7f9c6dc18d1;BWU-KUP-TCR-APT-U1;started;User entered migration flow;otp_verification_screen;1790584970204;identity_migration;"{""language_id"": ""cca954e8-6c14-6924-6990-010cd19c7919"", ""contact_type"": ""email"", ""device_model"": ""M2102J20SI"", ""is_local_user"": ""true"", ""migration_flow"": ""identity_migration"", ""migration_step"": ""0""}";BWU-KUP-TCR-APT-U1_b57138d7-d456-435d-b8be-09cc3e26258a;2026-09-28 12:00:16.974161+00
ae3b4c4d-ba52-4993-be45-78ec40851d47;BWU-KUP-TCR-APT-U1;started;User entered migration flow;otp_verification_screen;1790584970664;identity_migration;"{""language_id"": ""cca954e8-6c14-6924-6990-010cd19c7919"", ""contact_type"": ""email"", ""device_model"": ""M2102J20SI"", ""is_local_user"": ""true"", ""migration_flow"": ""identity_migration"", ""migration_step"": ""0""}";BWU-KUP-TCR-APT-U1_b57138d7-d456-435d-b8be-09cc3e26258a;2026-09-28 12:00:16.974162+00
3fe85f96-28c3-4d1b-95cd-9c63a6665267;BWU-KUP-TCR-APT-U1;started;User entered migration flow;otp_verification_screen;1790584970881;identity_migration;"{""language_id"": ""cca954e8-6c14-6924-6990-010cd19c7919"", ""contact_type"": ""email"", ""device_model"": ""M2102J20SI"", ""is_local_user"": ""true"", ""migration_flow"": ""identity_migration"", ""migration_step"": ""0""}";BWU-KUP-TCR-APT-U1_b57138d7-d456-435d-b8be-09cc3e26258a;2026-09-28 12:00:16.974164+00
a4a713ff-a2fc-4b9b-8ffe-0e7fc46dc406;BWU-KUP-TCR-APT-U1;started;User entered migration flow;otp_verification_screen;1790584972122;identity_migration;"{""language_id"": ""cca954e8-6c14-6924-6990-010cd19c7919"", ""contact_type"": ""email"", ""device_model"": ""M2102J20SI"", ""is_local_user"": ""true"", ""migration_flow"": ""identity_migration"", ""migration_step"": ""0""}";BWU-KUP-TCR-APT-U1_b57138d7-d456-435d-b8be-09cc3e26258a;2026-09-28 12:00:16.974165+00
84671c6d-0e8d-4d16-9f93-8fb9f75cbe9c;BWU-KUP-TCR-APT-U1;started;User entered migration flow;otp_verification_screen;1790584972301;identity_migration;"{""language_id"": ""cca954e8-6c14-6924-6990-010cd19c7919"", ""contact_type"": ""email"", ""device_model"": ""M2102J20SI"", ""is_local_user"": ""true"", ""migration_flow"": ""identity_migration"", ""migration_step"": ""0""}";BWU-KUP-TCR-APT-U1_b57138d7-d456-435d-b8be-09cc3e26258a;2026-09-28 12:00:16.974167+00
244fe2ee-e224-47bd-9e69-a0f6a4d2615b;BWU-KUP-TCR-APT-U1;started;User entered migration flow;otp_verification_screen;1790584972457;identity_migration;"{""language_id"": ""cca954e8-6c14-6924-6990-010cd19c7919"", ""contact_type"": ""email"", ""device_model"": ""M2102J20SI"", ""is_local_user"": ""true"", ""migration_flow"": ""identity_migration"", ""migration_step"": ""0""}";BWU-KUP-TCR-APT-U1_b57138d7-d456-435d-b8be-09cc3e26258a;2026-09-28 12:00:16.974169+00
93bffabb-8d79-498c-bdb2-4f947db49374;BWU-KUP-TCR-APT-U1;started;User entered migration flow;otp_verification_screen;1790584972639;identity_migration;"{""language_id"": ""cca954e8-6c14-6924-6990-010cd19c7919"", ""contact_type"": ""email"", ""device_model"": ""M2102J20SI"", ""is_local_user"": ""true"", ""migration_flow"": ""identity_migration"", ""migration_step"": ""0""}";BWU-KUP-TCR-APT-U1_b57138d7-d456-435d-b8be-09cc3e26258a;2026-09-28 12:00:16.97417+00
"0b6ab3fb-6702-46b0-a384-fb6cd5d749b5";BWU-KUP-TCR-APT-U1;started;User entered migration flow;otp_verification_screen;1790584972988;identity_migration;"{""language_id"": ""cca954e8-6c14-6924-6990-010cd19c7919"", ""contact_type"": ""email"", ""device_model"": ""M2102J20SI"", ""is_local_user"": ""true"", ""migration_flow"": ""identity_migration"", ""migration_step"": ""0""}";BWU-KUP-TCR-APT-U1_b57138d7-d456-435d-b8be-09cc3e26258a;2026-09-28 12:00:16.974172+00
ff67d969-0102-4389-927f-0fa97009243a;BWU-KUP-TCR-APT-U1;started;User entered migration flow;otp_verification_screen;1790584973205;identity_migration;"{""language_id"": ""cca954e8-6c14-6924-6990-010cd19c7919"", ""contact_type"": ""email"", ""device_model"": ""M2102J20SI"", ""is_local_user"": ""true"", ""migration_flow"": ""identity_migration"", ""migration_step"": ""0""}";BWU-KUP-TCR-APT-U1_b57138d7-d456-435d-b8be-09cc3e26258a;2026-09-28 12:00:16.974174+00
9d4f9ea7-51fe-4a9e-a2cb-74d76b132516;BWU-KUP-TCR-APT-U1;started;User entered migration flow;otp_verification_screen;1790584973396;identity_migration;"{""language_id"": ""cca954e8-6c14-6924-6990-010cd19c7919"", ""contact_type"": ""email"", ""device_model"": ""M2102J20SI"", ""is_local_user"": ""true"", ""migration_flow"": ""identity_migration"", ""migration_step"": ""0""}";BWU-KUP-TCR-APT-U1_b57138d7-d456-435d-b8be-09cc3e26258a;2026-09-28 12:00:16.974175+00
7d3215f1-0af5-44e6-b991-28e8ec9443b8;BWU-KUP-TCR-APT-U1;started;User entered migration flow;otp_verification_screen;1790584973548;identity_migration;"{""language_id"": ""cca954e8-6c14-6924-6990-010cd19c7919"", ""contact_type"": ""email"", ""device_model"": ""M2102J20SI"", ""is_local_user"": ""true"", ""migration_flow"": ""identity_migration"", ""migration_step"": ""0""}";BWU-KUP-TCR-APT-U1_b57138d7-d456-435d-b8be-09cc3e26258a;2026-09-28 12:00:16.974177+00
9b560675-b42c-4d9e-9b1b-3d7dad9a3097;BWU-KUP-TCR-APT-U1;started;User entered migration flow;otp_verification_screen;1790584973730;identity_migration;"{""language_id"": ""cca954e8-6c14-6924-6990-010cd19c7919"", ""contact_type"": ""email"", ""device_model"": ""M2102J20SI"", ""is_local_user"": ""true"", ""migration_flow"": ""identity_migration"", ""migration_step"": ""0""}";BWU-KUP-TCR-APT-U1_b57138d7-d456-435d-b8be-09cc3e26258a;2026-09-28 12:00:16.974179+00
1e398f3b-46d8-4e61-b5d0-f91ea06e08f6;BWU-KUP-TCR-APT-U1;started;User entered migration flow;otp_verification_screen;1790584974617;identity_migration;"{""language_id"": ""cca954e8-6c14-6924-6990-010cd19c7919"", ""contact_type"": ""email"", ""device_model"": ""M2102J20SI"", ""is_local_user"": ""true"", ""migration_flow"": ""identity_migration"", ""migration_step"": ""0""}";BWU-KUP-TCR-APT-U1_b57138d7-d456-435d-b8be-09cc3e26258a;2026-09-28 12:00:16.97418+00
58452541-7de1-4e34-a953-64e823048047;BWU-KUP-TCR-APT-U1;started;User entered migration flow;otp_verification_screen;1790584974865;identity_migration;"{""language_id"": ""cca954e8-6c14-6924-6990-010cd19c7919"", ""contact_type"": ""email"", ""device_model"": ""M2102J20SI"", ""is_local_user"": ""true"", ""migration_flow"": ""identity_migration"", ""migration_step"": ""0""}";BWU-KUP-TCR-APT-U1_b57138d7-d456-435d-b8be-09cc3e26258a;2026-09-28 12:00:16.974182+00
1db09216-3a63-4ad7-ad3d-a479476ff2b9;BWU-KUP-TCR-APT-U1;started;User entered migration flow;otp_verification_screen;1790584975080;identity_migration;"{""language_id"": ""cca954e8-6c14-6924-6990-010cd19c7919"", ""contact_type"": ""email"", ""device_model"": ""M2102J20SI"", ""is_local_user"": ""true"", ""migration_flow"": ""identity_migration"", ""migration_step"": ""0""}";BWU-KUP-TCR-APT-U1_b57138d7-d456-435d-b8be-09cc3e26258a;2026-09-28 12:00:16.974184+00
89c0f651-06a5-4b08-aa33-febbd3920945;BWU-KUP-TCR-APT-U1;started;User entered migration flow;otp_verification_screen;1790584975279;identity_migration;"{""language_id"": ""cca954e8-6c14-6924-6990-010cd19c7919"", ""contact_type"": ""email"", ""device_model"": ""M2102J20SI"", ""is_local_user"": ""true"", ""migration_flow"": ""identity_migration"", ""migration_step"": ""0""}";BWU-KUP-TCR-APT-U1_b57138d7-d456-435d-b8be-09cc3e26258a;2026-09-28 12:00:16.974186+00
7b7f6694-6735-42d8-89db-a0b80c68e282;BWU-KUP-TCR-APT-U1;started;User entered migration flow;otp_verification_screen;1790584975478;identity_migration;"{""language_id"": ""cca954e8-6c14-6924-6990-010cd19c7919"", ""contact_type"": ""email"", ""device_model"": ""M2102J20SI"", ""is_local_user"": ""true"", ""migration_flow"": ""identity_migration"", ""migration_step"": ""0""}";BWU-KUP-TCR-APT-U1_b57138d7-d456-435d-b8be-09cc3e26258a;2026-09-28 12:00:16.974187+00
6cdeff0f-c2f8-44f7-9c07-32ac857bfc4b;BWU-KUP-TCR-APT-U1;started;User entered migration flow;otp_verification_screen;1790584975643;identity_migration;"{""language_id"": ""cca954e8-6c14-6924-6990-010cd19c7919"", ""contact_type"": ""email"", ""device_model"": ""M2102J20SI"", ""is_local_user"": ""true"", ""migration_flow"": ""identity_migration"", ""migration_step"": ""0""}";BWU-KUP-TCR-APT-U1_b57138d7-d456-435d-b8be-09cc3e26258a;2026-09-28 12:00:16.974189+00
322524d6-0d24-40ee-8c03-e19fd8a81cc3;BWU-KUP-TCR-APT-U1;started;User entered migration flow;otp_verification_screen;1790584975843;identity_migration;"{""language_id"": ""cca954e8-6c14-6924-6990-010cd19c7919"", ""contact_type"": ""email"", ""device_model"": ""M2102J20SI"", ""is_local_user"": ""true"", ""migration_flow"": ""identity_migration"", ""migration_step"": ""0""}";BWU-KUP-TCR-APT-U1_b57138d7-d456-435d-b8be-09cc3e26258a;2026-09-28 12:00:16.974191+00
d5351536-84d3-4411-89fb-f6dad95fd0c5;BWU-KUP-TCR-APT-U1;started;User entered migration flow;otp_verification_screen;1790584976041;identity_migration;"{""language_id"": ""cca954e8-6c14-6924-6990-010cd19c7919"", ""contact_type"": ""email"", ""device_model"": ""M2102J20SI"", ""is_local_user"": ""true"", ""migration_flow"": ""identity_migration"", ""migration_step"": ""0""}";BWU-KUP-TCR-APT-U1_b57138d7-d456-435d-b8be-09cc3e26258a;2026-09-28 12:00:16.974192+00
2df9d306-8b69-404e-be35-e7935869db1a;BWU-KUP-TCR-APT-U1;started;User entered migration flow;otp_verification_screen;1790584976271;identity_migration;"{""language_id"": ""cca954e8-6c14-6924-6990-010cd19c7919"", ""contact_type"": ""email"", ""device_model"": ""M2102J20SI"", ""is_local_user"": ""true"", ""migration_flow"": ""identity_migration"", ""migration_step"": ""0""}";BWU-KUP-TCR-APT-U1_b57138d7-d456-435d-b8be-09cc3e26258a;2026-09-28 12:00:16.974194+00
"047475cf-4290-432d-a765-d857dcafa40c";BWU-KUP-TCR-APT-U1;started;User entered migration flow;otp_verification_screen;1790584976455;identity_migration;"{""language_id"": ""cca954e8-6c14-6924-6990-010cd19c7919"", ""contact_type"": ""email"", ""device_model"": ""M2102J20SI"", ""is_local_user"": ""true"", ""migration_flow"": ""identity_migration"", ""migration_step"": ""0""}";BWU-KUP-TCR-APT-U1_b57138d7-d456-435d-b8be-09cc3e26258a;2026-09-28 12:00:16.974195+00
69d0382e-fe73-48af-9d22-26836021c263;BWU-KUP-TCR-APT-U1;started;User entered migration flow;otp_verification_screen;1790584976627;identity_migration;"{""language_id"": ""cca954e8-6c14-6924-6990-010cd19c7919"", ""contact_type"": ""email"", ""device_model"": ""M2102J20SI"", ""is_local_user"": ""true"", ""migration_flow"": ""identity_migration"", ""migration_step"": ""0""}";BWU-KUP-TCR-APT-U1_b57138d7-d456-435d-b8be-09cc3e26258a;2026-09-28 12:00:16.974197+00
88ba4742-1047-4adf-888c-4d583b0d3478;BWU-KUP-TCR-APT-U1;started;User entered migration flow;otp_verification_screen;1790584976802;identity_migration;"{""language_id"": ""cca954e8-6c14-6924-6990-010cd19c7919"", ""contact_type"": ""email"", ""device_model"": ""M2102J20SI"", ""is_local_user"": ""true"", ""migration_flow"": ""identity_migration"", ""migration_step"": ""0""}";BWU-KUP-TCR-APT-U1_b57138d7-d456-435d-b8be-09cc3e26258a;2026-09-28 12:00:16.974199+00
3e24d2cc-5901-4cb7-b7c6-0d31d60fb01b;BWU-KUP-TCR-APT-U1;started;User entered migration flow;otp_verification_screen;1790584976971;identity_migration;"{""language_id"": ""cca954e8-6c14-6924-6990-010cd19c7919"", ""contact_type"": ""email"", ""device_model"": ""M2102J20SI"", ""is_local_user"": ""true"", ""migration_flow"": ""identity_migration"", ""migration_step"": ""0""}";BWU-KUP-TCR-APT-U1_b57138d7-d456-435d-b8be-09cc3e26258a;2026-09-28 12:00:16.9742+00
89d6c36a-eef8-4420-8851-393c98a75828;BWU-KUP-TCR-APT-U1;started;User entered migration flow;otp_verification_screen;1790584977160;identity_migration;"{""language_id"": ""cca954e8-6c14-6924-6990-010cd19c7919"", ""contact_type"": ""email"", ""device_model"": ""M2102J20SI"", ""is_local_user"": ""true"", ""migration_flow"": ""identity_migration"", ""migration_step"": ""0""}";BWU-KUP-TCR-APT-U1_b57138d7-d456-435d-b8be-09cc3e26258a;2026-09-28 12:00:16.974202+00
b8e1935a-3630-479c-9385-849198106ad8;BWU-KUP-TCR-APT-U1;started;User entered migration flow;otp_verification_screen;1790584977432;identity_migration;"{""language_id"": ""cca954e8-6c14-6924-6990-010cd19c7919"", ""contact_type"": ""email"", ""device_model"": ""M2102J20SI"", ""is_local_user"": ""true"", ""migration_flow"": ""identity_migration"", ""migration_step"": ""0""}";BWU-KUP-TCR-APT-U1_b57138d7-d456-435d-b8be-09cc3e26258a;2026-09-28 12:00:16.974204+00
727bb77f-d251-41e0-b5a4-e4012e966215;BWU-KUP-TCR-APT-U1;started;User entered migration flow;otp_verification_screen;1790584977643;identity_migration;"{""language_id"": ""cca954e8-6c14-6924-6990-010cd19c7919"", ""contact_type"": ""email"", ""device_model"": ""M2102J20SI"", ""is_local_user"": ""true"", ""migration_flow"": ""identity_migration"", ""migration_step"": ""0""}";BWU-KUP-TCR-APT-U1_b57138d7-d456-435d-b8be-09cc3e26258a;2026-09-28 12:00:16.974205+00
ed9882ec-b9ad-4e46-b840-aa20d95041b3;BWU-KUP-TCR-APT-U1;started;User entered migration flow;otp_verification_screen;1790584977882;identity_migration;"{""language_id"": ""cca954e8-6c14-6924-6990-010cd19c7919"", ""contact_type"": ""email"", ""device_model"": ""M2102J20SI"", ""is_local_user"": ""true"", ""migration_flow"": ""identity_migration"", ""migration_step"": ""0""}";BWU-KUP-TCR-APT-U1_b57138d7-d456-435d-b8be-09cc3e26258a;2026-09-28 12:00:16.974207+00
dbc2fa9e-ca80-4b66-8bc5-faa0085ac509;BWU-KUP-TCR-APT-U1;started;User entered migration flow;otp_verification_screen;1790584978088;identity_migration;"{""language_id"": ""cca954e8-6c14-6924-6990-010cd19c7919"", ""contact_type"": ""email"", ""device_model"": ""M2102J20SI"", ""is_local_user"": ""true"", ""migration_flow"": ""identity_migration"", ""migration_step"": ""0""}";BWU-KUP-TCR-APT-U1_b57138d7-d456-435d-b8be-09cc3e26258a;2026-09-28 12:00:16.974208+00
919379ed-53a9-4c0d-8bf4-8c727c278aa5;BWU-KUP-TCR-APT-U1;started;User entered migration flow;otp_verification_screen;1790584979222;identity_migration;"{""language_id"": ""cca954e8-6c14-6924-6990-010cd19c7919"", ""contact_type"": ""email"", ""device_model"": ""M2102J20SI"", ""is_local_user"": ""true"", ""migration_flow"": ""identity_migration"", ""migration_step"": ""0""}";BWU-KUP-TCR-APT-U1_b57138d7-d456-435d-b8be-09cc3e26258a;2026-09-28 12:00:16.97421+00
66c8e692-2d17-40f9-8d23-b020b323361f;BWU-KUP-TCR-APT-U1;started;User entered migration flow;otp_verification_screen;1790584979490;identity_migration;"{""language_id"": ""cca954e8-6c14-6924-6990-010cd19c7919"", ""contact_type"": ""email"", ""device_model"": ""M2102J20SI"", ""is_local_user"": ""true"", ""migration_flow"": ""identity_migration"", ""migration_step"": ""0""}";BWU-KUP-TCR-APT-U1_b57138d7-d456-435d-b8be-09cc3e26258a;2026-09-28 12:00:16.974212+00
24d876de-c7a0-4fe7-b44b-1e76b80ea193;BWU-KUP-TCR-APT-U1;started;User entered migration flow;otp_verification_screen;1790584980314;identity_migration;"{""language_id"": ""cca954e8-6c14-6924-6990-010cd19c7919"", ""contact_type"": ""email"", ""device_model"": ""M2102J20SI"", ""is_local_user"": ""true"", ""migration_flow"": ""identity_migration"", ""migration_step"": ""0""}";BWU-KUP-TCR-APT-U1_b57138d7-d456-435d-b8be-09cc3e26258a;2026-09-28 12:00:16.974213+00
c37c444e-2022-4ea2-b0e7-da61a1058b02;BWU-KUP-TCR-APT-U1;started;User entered migration flow;otp_verification_screen;1790584980500;identity_migration;"{""language_id"": ""cca954e8-6c14-6924-6990-010cd19c7919"", ""contact_type"": ""email"", ""device_model"": ""M2102J20SI"", ""is_local_user"": ""true"", ""migration_flow"": ""identity_migration"", ""migration_step"": ""0""}";BWU-KUP-TCR-APT-U1_b57138d7-d456-435d-b8be-09cc3e26258a;2026-09-28 12:00:16.974215+00
aec53399-c061-4e00-8548-e01b93abd195;BWU-KUP-TCR-APT-U1;started;User entered migration flow;otp_verification_screen;1790584982364;identity_migration;"{""language_id"": ""cca954e8-6c14-6924-6990-010cd19c7919"", ""contact_type"": ""email"", ""device_model"": ""M2102J20SI"", ""is_local_user"": ""true"", ""migration_flow"": ""identity_migration"", ""migration_step"": ""0""}";BWU-KUP-TCR-APT-U1_b57138d7-d456-435d-b8be-09cc3e26258a;2026-09-28 12:00:16.974216+00
"08c9f98a-7e69-4d41-91dd-3cbcac02c4df";BWU-KUP-TCR-APT-U1;started;User entered migration flow;otp_verification_screen;1790584983041;identity_migration;"{""language_id"": ""cca954e8-6c14-6924-6990-010cd19c7919"", ""contact_type"": ""email"", ""device_model"": ""M2102J20SI"", ""is_local_user"": ""true"", ""migration_flow"": ""identity_migration"", ""migration_step"": ""0""}";BWU-KUP-TCR-APT-U1_b57138d7-d456-435d-b8be-09cc3e26258a;2026-09-28 12:00:16.974218+00
7a6e057d-b124-4561-8bf9-bafdf1df4399;BWU-KUP-TCR-APT-U1;started;User entered migration flow;otp_verification_screen;1790584983240;identity_migration;"{""language_id"": ""cca954e8-6c14-6924-6990-010cd19c7919"", ""contact_type"": ""email"", ""device_model"": ""M2102J20SI"", ""is_local_user"": ""true"", ""migration_flow"": ""identity_migration"", ""migration_step"": ""0""}";BWU-KUP-TCR-APT-U1_b57138d7-d456-435d-b8be-09cc3e26258a;2026-09-28 12:00:16.97422+00
b7681594-12c7-424b-a1e7-35691bd623d2;BWU-KUP-TCR-APT-U1;started;User entered migration flow;otp_verification_screen;1790585047978;identity_migration;"{""language_id"": ""cca954e8-6c14-6924-6990-010cd19c7919"", ""contact_type"": ""email"", ""device_model"": ""M2102J20SI"", ""is_local_user"": ""true"", ""migration_flow"": ""identity_migration"", ""migration_step"": ""0""}";BWU-KUP-TCR-APT-U1_b57138d7-d456-435d-b8be-09cc3e26258a;2026-09-28 12:00:16.974221+00
ba830909-9001-46a2-a303-230006a30ce9;BWU-KUP-TCR-APT-U1;viewed;Viewed identity verification screen;migration_screen;1790585047979;identity_migration;"{""language_id"": ""cca954e8-6c14-6924-6990-010cd19c7919"", ""device_model"": ""M2102J20SI"", ""is_local_user"": ""true"", ""migration_flow"": ""identity_migration"", ""migration_step"": ""1""}";BWU-KUP-TCR-APT-U1_b57138d7-d456-435d-b8be-09cc3e26258a;2026-09-28 12:00:16.974223+00
c237e7a8-8a72-477b-9d14-9af7d2a06a9c;BWU-KUP-TCR-APT-U1;interacted;User submitted identity details for lookup;migration_screen;1790585123479;identity_migration;"{""language_id"": ""cca954e8-6c14-6924-6990-010cd19c7919"", ""device_model"": ""M2102J20SI"", ""is_local_user"": ""true"", ""verify_method"": ""password"", ""migration_flow"": ""identity_migration"", ""migration_step"": ""1""}";BWU-KUP-TCR-APT-U1_b57138d7-d456-435d-b8be-09cc3e26258a;2026-09-28 12:00:16.974225+00
fada94f9-f1c2-4b46-800b-d3e76bd8bc05;BWU-KUP-TCR-APT-U1;verified;Identity verified - existing account found (not yet migrated);migration_screen;1790585125376;identity_migration;"{""language_id"": ""cca954e8-6c14-6924-6990-010cd19c7919"", ""device_model"": ""M2102J20SI"", ""is_local_user"": ""true"", ""response_code"": ""0x200_SUCCESS"", ""migration_flow"": ""identity_migration"", ""migration_step"": ""1""}";BWU-KUP-TCR-APT-U1_b57138d7-d456-435d-b8be-09cc3e26258a;2026-09-28 12:00:16.974226+00
fdc1881c-8c58-4a9c-a418-555126655954;BWU-KUP-TCR-APT-U1;viewed;Viewed account details to migrate;review_migration_details_screen;1790585125378;review_migration;"{""language_id"": ""cca954e8-6c14-6924-6990-010cd19c7919"", ""device_model"": ""M2102J20SI"", ""is_local_user"": ""true"", ""migration_flow"": ""identity_migration"", ""migration_step"": ""2""}";BWU-KUP-TCR-APT-U1_b57138d7-d456-435d-b8be-09cc3e26258a;2026-09-28 12:00:16.974228+00
15fe8052-b435-4b64-8e57-ce1c0e1fda5b;BWU-KUP-TCR-APT-U1;interacted;User confirmed and pressed Migrate;review_migration_details_screen;1790585134693;review_migration;"{""language_id"": ""cca954e8-6c14-6924-6990-010cd19c7919"", ""device_model"": ""M2102J20SI"", ""is_local_user"": ""true"", ""migration_flow"": ""identity_migration"", ""migration_step"": ""2""}";BWU-KUP-TCR-APT-U1_b57138d7-d456-435d-b8be-09cc3e26258a;2026-09-28 12:00:16.974229+00
6978e177-399a-4df9-bdf0-9181f9013bcf;BWU-KUP-TCR-APT-U1;migrated;Account migrated successfully;review_migration_details_screen;1790585162372;review_migration;"{""language_id"": ""cca954e8-6c14-6924-6990-010cd19c7919"", ""device_model"": ""M2102J20SI"", ""is_local_user"": ""true"", ""response_code"": ""0x200_SUCCESS"", ""migration_flow"": ""identity_migration"", ""migration_step"": ""2""}";BWU-KUP-TCR-APT-U1_b57138d7-d456-435d-b8be-09cc3e26258a;2026-09-28 12:00:16.974231+00
b297d2f7-23cf-4404-b7a2-a9cf7ac6daf9;BWU-KUP-TCR-APT-U1;selected;Post-migration: chose to set a new password;review_migration_details_screen;1790585166291;review_migration;"{""button"": ""change_password"", ""language_id"": ""cca954e8-6c14-6924-6990-010cd19c7919"", ""device_model"": ""M2102J20SI"", ""is_local_user"": ""true"", ""migration_flow"": ""identity_migration"", ""migration_step"": ""2""}";BWU-KUP-TCR-APT-U1_b57138d7-d456-435d-b8be-09cc3e26258a;2026-09-28 12:00:16.974233+00
457c484c-8fc6-49ca-9539-cc83b5873c57;BWU-KUP-TCR-APT-U1;viewed;Viewed set password screen;migration_set_password_screen;1790585166292;migration_set_password;"{""language_id"": ""cca954e8-6c14-6924-6990-010cd19c7919"", ""device_model"": ""M2102J20SI"", ""is_local_user"": ""true"", ""migration_flow"": ""identity_migration"", ""migration_step"": ""5""}";BWU-KUP-TCR-APT-U1_b57138d7-d456-435d-b8be-09cc3e26258a;2026-09-28 12:00:16.974234+00
3b5491b2-1411-46c6-a7e4-7169c03a1311;BWU-KUP-TCR-APT-U1;interacted;Submitted new password for migrated account;migration_set_password_screen;1790585176680;migration_set_password;"{""language_id"": ""cca954e8-6c14-6924-6990-010cd19c7919"", ""device_model"": ""M2102J20SI"", ""is_local_user"": ""true"", ""migration_flow"": ""identity_migration"", ""migration_step"": ""5""}";BWU-KUP-TCR-APT-U1_b57138d7-d456-435d-b8be-09cc3e26258a;2026-09-28 12:00:16.974236+00
7f77aa90-c293-466b-adc0-4390ca1a3f56;BWU-KUP-TCR-APT-U1;updated;Password set for migrated account;migration_set_password_screen;1790585177497;migration_set_password;"{""language_id"": ""cca954e8-6c14-6924-6990-010cd19c7919"", ""device_model"": ""M2102J20SI"", ""is_local_user"": ""true"", ""response_code"": ""0x209_PASSWORD_CHANGED"", ""migration_flow"": ""identity_migration"", ""migration_step"": ""5""}";BWU-KUP-TCR-APT-U1_b57138d7-d456-435d-b8be-09cc3e26258a;2026-09-28 12:00:16.974238+00
