id;session_id;profile_id;event_type;description;screen_name;event_timestamp;question_id;answer_id;source_file;ingested_at
7480409e-863a-4400-bc00-9d65b4887478;4458b253-6c56-440e-83ff-0643df7a47ab;BWT-WIF-ABW-LAY-U1;answered;"User answered question: ""Is this device a shared phone/tablet?"" with ""No I am the only user""";onboarding_survey_screen;1789798741667;Is this device a shared phone/tablet?;no;BWT-WIF-ABW-LAY-U1_4458b253-6c56-440e-83ff-0643df7a47ab;2026-09-19 06:20:31.319348+00
24785e1d-9a00-4487-9c1c-0f830e23c735;4458b253-6c56-440e-83ff-0643df7a47ab;BWT-WIF-ABW-LAY-U1;answered;"User answered question: ""Are you a healthcare professional (or studying to become one)?"" with ""No""";onboarding_survey_screen;1789798745753;Are you a healthcare professional (or studying to become one)?;no;BWT-WIF-ABW-LAY-U1_4458b253-6c56-440e-83ff-0643df7a47ab;2026-09-19 06:20:31.319351+00
3dc87549-2fc4-492a-9ed6-81eab997d65a;f2afee9c-c09a-4b3c-9a83-a8fc8ded1610;BWT-YQA-NMG-OIO-U1;answered;"User answered question: ""Is this device a shared phone/tablet?"" with ""No I am the only user""";onboarding_survey_screen;1789923868458;Is this device a shared phone/tablet?;no;BWT-YQA-NMG-OIO-U1_f2afee9c-c09a-4b3c-9a83-a8fc8ded1610;2026-09-21 00:00:07.710119+00
"08ff7db8-d2d6-4d6b-a46e-cd129f432698";f2afee9c-c09a-4b3c-9a83-a8fc8ded1610;BWT-YQA-NMG-OIO-U1;answered;"User answered question: ""Are you a healthcare professional (or studying to become one)?"" with ""No""";onboarding_survey_screen;1789923917523;Are you a healthcare professional (or studying to become one)?;no;BWT-YQA-NMG-OIO-U1_f2afee9c-c09a-4b3c-9a83-a8fc8ded1610;2026-09-21 00:00:07.710123+00
9c06cded-cfe5-43d8-a752-b252a0e749a2;69e74c2a-6509-4022-9630-4be607976d14;BWT-ZQP-UCW-SRJ-U1;answered;"User answered question: ""এই ডিভাইসটি কি একটি শেয়ার করা ফোন/ট্যাবললেট?"" with ""না আমি একমাত্র ব্যবহারকারী""";onboarding_survey_screen;1789979388987;Is this device a shared phone/tablet?;no;BWT-ZQP-UCW-SRJ-U1_69e74c2a-6509-4022-9630-4be607976d14;2026-09-21 12:00:09.191786+00
29bde8ea-db30-41a6-b490-b41ed24c07fe;69e74c2a-6509-4022-9630-4be607976d14;BWT-ZQP-UCW-SRJ-U1;answered;"User answered question: ""আপনি কি একজন একজন স্বাস্থ্য ভালো (বা মেনে চলতে করছেন)?"" with ""হ্যাঁ""";onboarding_survey_screen;1789979394990;Are you a healthcare professional (or studying to become one)?;yes;BWT-ZQP-UCW-SRJ-U1_69e74c2a-6509-4022-9630-4be607976d14;2026-09-21 12:00:09.19179+00
63ac9005-7d7b-4520-aa33-6d3b2a1d7fb7;69e74c2a-6509-4022-9630-4be607976d14;BWT-ZQP-UCW-SRJ-U1;answered;"User answered question: ""আপনার দেখতে কি?"" with ""ছাত্র""";onboarding_survey_screen;1789979397512;What is your profession?;student;BWT-ZQP-UCW-SRJ-U1_69e74c2a-6509-4022-9630-4be607976d14;2026-09-21 12:00:09.191792+00
986de4c0-f5ac-43e7-a206-5104d6274e08;69e74c2a-6509-4022-9630-4be607976d14;BWT-ZQP-UCW-SRJ-U1;answered;"User answered question: ""স্বাস্থ্যসেবা মহিলা হিসাবে আপনার কতটা অভিজ্ঞতা আছে?"" with ""৬ থেকে ১০ বছর""";onboarding_survey_screen;1789979400692;How many years of experience do you have as a healthcare professional?;6_to_10_years;BWT-ZQP-UCW-SRJ-U1_69e74c2a-6509-4022-9630-4be607976d14;2026-09-21 12:00:09.191794+00
615e9a2d-2ca3-4acb-b18d-11b04c4dd36b;69e74c2a-6509-4022-9630-4be607976d14;BWT-ZQP-UCW-SRJ-U1;answered;"User answered question: ""আপনি কাজ করেন?"" with ""অন্যান্য""";onboarding_survey_screen;1789979403477;Where do you work?;other;BWT-ZQP-UCW-SRJ-U1_69e74c2a-6509-4022-9630-4be607976d14;2026-09-21 12:00:09.191796+00
f1b97431-0689-4a8b-8859-c8c7669a7e7a;69e74c2a-6509-4022-9630-4be607976d14;BWT-ZQP-UCW-SRJ-U1;answered;"User answered question: ""আপনি সেফ ডেলিভারি অ্যাপের কথা শুনলেন?"" with ""অন্যান্য""";onboarding_survey_screen;1789979406245;How did you hear about the Safe Delivery app?;other;BWT-ZQP-UCW-SRJ-U1_69e74c2a-6509-4022-9630-4be607976d14;2026-09-21 12:00:09.191797+00
