id;profile_id;event_type;description;screen_name;event_timestamp;is_accepted;auth_type;is_local_user;language_id;autonym_script;extra;source_file;ingested_at
"09df1e3e-4242-44ea-8e42-20b6d095d334";BWT-WIF-ABW-LAY-U1;accepted;User accepted terms and conditions in onboarding carousel;onboarding_screen;1789798734875;1;;;d6e10239c4eb4b90b3cbb9ae1986907d;Ethiopia - English;"{""slide_index"": ""2"", ""device_model"": ""RMX3842""}";BWT-WIF-ABW-LAY-U1_4458b253-6c56-440e-83ff-0643df7a47ab;2026-09-19 06:20:31.320789+00
20dc7a0e-00fb-4b3b-b484-52324bf34623;BWT-ZQP-UCW-SRJ-U1;accepted;User accepted terms and conditions in onboarding carousel;onboarding_screen;1789979280731;1;;;7b5c6d2548de4ec7a84335c592c2d05b;Bangladesh - Bangla;"{""slide_index"": ""2""}";BWT-ZQP-UCW-SRJ-U1_69e74c2a-6509-4022-9630-4be607976d14;2026-09-21 12:00:09.19524+00
c548f410-c360-4216-ad1f-37b10851a4db;BWT-ZQP-UCW-SRJ-U1;accepted;User accepted terms and conditions in onboarding carousel;onboarding_screen;1789979313340;1;;;7b5c6d2548de4ec7a84335c592c2d05b;Bangladesh - Bangla;"{""slide_index"": ""2""}";BWT-ZQP-UCW-SRJ-U1_69e74c2a-6509-4022-9630-4be607976d14;2026-09-21 12:00:09.195243+00
d6f62d81-ca05-4881-b2e3-b764082b2cb5;BWT-ZQP-UCW-SRJ-U1;accepted;User accepted terms and conditions in onboarding carousel;onboarding_screen;1789979328147;1;;;7b5c6d2548de4ec7a84335c592c2d05b;Bangladesh - Bangla;"{""slide_index"": ""2""}";BWT-ZQP-UCW-SRJ-U1_69e74c2a-6509-4022-9630-4be607976d14;2026-09-21 12:00:09.195245+00
1381728d-be6c-4b9e-8d24-a83c321b0d53;BWT-ZQP-UCW-SRJ-U1;accepted;User accepted terms and conditions in onboarding carousel;onboarding_screen;1789979340719;1;;;7b5c6d2548de4ec7a84335c592c2d05b;Bangladesh - Bangla;"{""slide_index"": ""2""}";BWT-ZQP-UCW-SRJ-U1_69e74c2a-6509-4022-9630-4be607976d14;2026-09-21 12:00:09.195247+00
4af524d6-f1ca-462e-8ace-bb87b78941bb;BWT-ZQP-UCW-SRJ-U1;accepted;User accepted terms and conditions in onboarding carousel;onboarding_screen;1789979345630;1;;;7b5c6d2548de4ec7a84335c592c2d05b;Bangladesh - Bangla;"{""slide_index"": ""2""}";BWT-ZQP-UCW-SRJ-U1_69e74c2a-6509-4022-9630-4be607976d14;2026-09-21 12:00:09.195249+00
e0a99dee-c316-4f94-9e2b-9a2ff66ad671;BWT-ZQP-UCW-SRJ-U1;accepted;User accepted terms and conditions in onboarding carousel;onboarding_screen;1789979350557;1;;;7b5c6d2548de4ec7a84335c592c2d05b;Bangladesh - Bangla;"{""slide_index"": ""2""}";BWT-ZQP-UCW-SRJ-U1_69e74c2a-6509-4022-9630-4be607976d14;2026-09-21 12:00:09.195251+00
f7a36971-86ea-49ab-8e52-881c1c69c7cc;BWT-ZQP-UCW-SRJ-U1;accepted;User accepted terms and conditions in onboarding carousel;onboarding_screen;1789979359937;1;;;7b5c6d2548de4ec7a84335c592c2d05b;Bangladesh - Bangla;"{""slide_index"": ""2""}";BWT-ZQP-UCW-SRJ-U1_69e74c2a-6509-4022-9630-4be607976d14;2026-09-21 12:00:09.195253+00
6ff3e49b-a381-47e2-b1e4-6533cbd6f8f9;BWT-ZQP-UCW-SRJ-U1;accepted;User accepted terms and conditions in onboarding carousel;onboarding_screen;1789979379361;1;;;7b5c6d2548de4ec7a84335c592c2d05b;Bangladesh - Bangla;"{""slide_index"": ""2""}";BWT-ZQP-UCW-SRJ-U1_69e74c2a-6509-4022-9630-4be607976d14;2026-09-21 12:00:09.195254+00
